,antecedents,consequents,antecedent support,consequent support,support,confidence,lift,representativity,leverage,conviction,zhangs_metric,jaccard,certainty,kulczynski
0,frozenset({'3 PIECE SPACEBOY COOKIE CUTTER SET'}),frozenset({'POSTAGE'}),0.03316749585406302,0.6351575456053068,0.026533996683250415,0.7999999999999999,1.2595300261096605,1.0,0.00546741142270956,1.8242122719734655,0.2131217838765009,0.041343669250646,0.4518181818181816,0.42088772845953
1,frozenset({'5 HOOK HANGER RED MAGIC TOADSTOOL'}),frozenset({'POSTAGE'}),0.029850746268656716,0.6351575456053068,0.02155887230514096,0.7222222222222222,1.1370757180156659,1.0,0.0025989455706541924,1.3134328358208955,0.12426035502958584,0.03350515463917526,0.23863636363636362,0.3780823904844792
2,frozenset({'6 RIBBONS RUSTIC CHARM'}),frozenset({'POSTAGE'}),0.08291873963515754,0.6351575456053068,0.06965174129353234,0.8400000000000001,1.3225065274151437,1.0,0.016985278142180205,2.280265339966834,0.26590889520365113,0.10741687979539644,0.5614545454545457,0.47483028720626635
3,frozenset({'REGENCY CAKESTAND 3 TIER'}),frozenset({'6 RIBBONS RUSTIC CHARM'}),0.13432835820895522,0.08291873963515754,0.03316749585406302,0.2469135802469136,2.977777777777778,1.0,0.022029157694116484,1.2177636408123318,0.7672413793103448,0.1801801801801802,0.17882258388587505,0.3234567901234568
4,frozenset({'6 RIBBONS RUSTIC CHARM'}),frozenset({'REGENCY CAKESTAND 3 TIER'}),0.08291873963515754,0.13432835820895522,0.03316749585406302,0.4,2.977777777777778,1.0,0.022029157694116484,1.4427860696517414,0.7242314647377939,0.1801801801801802,0.30689655172413793,0.3234567901234568
5,frozenset({'6 RIBBONS RUSTIC CHARM'}),frozenset({'ROUND SNACK BOXES SET OF4 WOODLAND '}),0.08291873963515754,0.19734660033167495,0.028192371475953566,0.34,1.722857142857143,1.0,0.011828640105167914,1.2161415146489776,0.45750452079566,0.11184210526315788,0.17772727272727276,0.24142857142857144
6,frozenset({'SCANDINAVIAN REDS RIBBONS'}),frozenset({'6 RIBBONS RUSTIC CHARM'}),0.03648424543946932,0.08291873963515754,0.02321724709784411,0.6363636363636364,7.674545454545455,1.0,0.02019201944946357,2.521973466003317,0.9026309318908285,0.24137931034482754,0.6034851224724642,0.45818181818181813
7,frozenset({'6 RIBBONS RUSTIC CHARM'}),frozenset({'SCANDINAVIAN REDS RIBBONS'}),0.08291873963515754,0.03648424543946932,0.02321724709784411,0.27999999999999997,7.674545454545454,1.0,0.02019201944946357,1.338216325778515,0.9483337638853008,0.24137931034482754,0.252736660929432,0.45818181818181813
8,frozenset({'JAM MAKING SET PRINTED'}),frozenset({'ALARM CLOCK BAKELIKE PINK'}),0.07131011608623548,0.05472636815920398,0.02155887230514096,0.3023255813953488,5.524312896405919,1.0,0.017656328638730064,1.3548922056384742,0.881868131868132,0.20634920634920637,0.26193390452876375,0.34813248766737137
9,frozenset({'ALARM CLOCK BAKELIKE PINK'}),frozenset({'JAM MAKING SET PRINTED'}),0.05472636815920398,0.07131011608623548,0.02155887230514096,0.3939393939393939,5.52431289640592,1.0,0.017656328638730064,1.5323383084577114,0.8663967611336033,0.20634920634920637,0.3474025974025974,0.34813248766737137
10,frozenset({'ALARM CLOCK BAKELIKE PINK'}),frozenset({'POSTAGE'}),0.05472636815920398,0.6351575456053068,0.03814262023217247,0.6969696969696969,1.0973178257773557,1.0,0.0033827545522800567,1.2039800995024874,0.09382151029748277,0.05852417302798983,0.1694214876033056,0.37851095814542285
11,frozenset({'ALARM CLOCK BAKELIKE PINK'}),frozenset({'REGENCY CAKESTAND 3 TIER'}),0.05472636815920398,0.13432835820895522,0.02321724709784411,0.4242424242424242,3.158249158249158,1.0,0.015865943912279398,1.5035349567949725,0.7229323308270676,0.13999999999999999,0.3349007314524555,0.29854096520763185
12,frozenset({'ALARM CLOCK BAKELIKE RED '}),frozenset({'POSTAGE'}),0.03482587064676617,0.6351575456053068,0.02321724709784411,0.6666666666666666,1.0496083550913837,1.0,0.0010973325742762129,1.0945273631840795,0.04896907216494839,0.035897435897435895,0.08636363636363627,0.35161009573542207
13,frozenset({'ASSORTED COLOUR MINI CASES'}),frozenset({'POSTAGE'}),0.026533996683250415,0.6351575456053068,0.02321724709784411,0.8749999999999999,1.3776109660574412,1.0,0.006363978889411426,2.918739635157543,0.281577026040399,0.03636363636363636,0.6573863636363634,0.4557767624020887
14,frozenset({'BAKING SET 9 PIECE RETROSPOT '}),frozenset({'POSTAGE'}),0.03814262023217247,0.6351575456053068,0.03316749585406302,0.8695652173913044,1.369054376206153,1.0,0.008940922804441035,2.79712548369265,0.2802586206896552,0.05181347150259067,0.6424901185770754,0.46089226927006477
15,frozenset({'BIG DOUGHNUT FRIDGE MAGNETS'}),frozenset({'POSTAGE'}),0.024875621890547265,0.6351575456053068,0.02155887230514096,0.8666666666666666,1.3644908616187987,1.0,0.005758933359735319,2.7363184079601974,0.27394034536891676,0.033766233766233764,0.6345454545454543,0.4503046127067014
16,"frozenset({""BISCUIT TIN 50'S CHRISTMAS""})",frozenset({'POSTAGE'}),0.024875621890547265,0.6351575456053068,0.02321724709784411,0.9333333333333332,1.4694516971279372,1.0,0.007417308152438469,5.47263681592039,0.3276239067055393,0.03645833333333333,0.817272727272727,0.48494342906875537
17,frozenset({'BLUE HARMONICA IN BOX '}),frozenset({'POSTAGE'}),0.03648424543946932,0.6351575456053068,0.03648424543946932,1.0,1.5744125326370757,1.0,0.013311001652874379,inf,0.37865748709122204,0.05744125326370758,1.0,0.5287206266318538
18,frozenset({'BLUE HARMONICA IN BOX '}),frozenset({'RED  HARMONICA IN BOX '}),0.03648424543946932,0.03482587064676617,0.02155887230514096,0.5909090909090908,16.967532467532465,1.0,0.020288276692821135,2.3593145384190155,0.9766980007943865,0.43333333333333324,0.5761480787253983,0.604978354978355
19,frozenset({'RED  HARMONICA IN BOX '}),frozenset({'BLUE HARMONICA IN BOX '}),0.03482587064676617,0.03648424543946932,0.02155887230514096,0.619047619047619,16.967532467532465,1.0,0.020288276692821135,2.529228855721392,0.9750198255352894,0.43333333333333324,0.6046225719203344,0.604978354978355
20,frozenset({'BLUE HARMONICA IN BOX '}),frozenset({'ROUND SNACK BOXES SET OF4 WOODLAND '}),0.03648424543946932,0.19734660033167495,0.024875621890547265,0.6818181818181819,3.4549274255156615,1.0,0.01767558008740158,2.5226249703861647,0.7374641422834195,0.11904761904761905,0.6035875281743052,0.40393430099312455
21,frozenset({'BLUE OWL SOFT TOY'}),frozenset({'POSTAGE'}),0.024875621890547265,0.6351575456053068,0.02155887230514096,0.8666666666666666,1.3644908616187987,1.0,0.005758933359735319,2.7363184079601974,0.27394034536891676,0.033766233766233764,0.6345454545454543,0.4503046127067014
22,frozenset({'BLUE POLKADOT BOWL'}),frozenset({'POSTAGE'}),0.024875621890547265,0.6351575456053068,0.02155887230514096,0.8666666666666666,1.3644908616187987,1.0,0.005758933359735319,2.7363184079601974,0.27394034536891676,0.033766233766233764,0.6345454545454543,0.4503046127067014
23,frozenset({'BLUE POLKADOT CUP'}),frozenset({'POSTAGE'}),0.03648424543946932,0.6351575456053068,0.03316749585406302,0.9090909090909092,1.43128412057916,1.0,0.009994252067468078,4.013266998341629,0.3127366609294321,0.05194805194805195,0.7508264462809919,0.48065511511986714
24,frozenset({'RED RETROSPOT CUP'}),frozenset({'BLUE POLKADOT CUP'}),0.05638474295190713,0.03648424543946932,0.026533996683250415,0.47058823529411764,12.898395721925134,1.0,0.02447684188235165,1.81997420305878,0.9775922671353251,0.4000000000000001,0.4505416624481118,0.5989304812834224
25,frozenset({'BLUE POLKADOT CUP'}),frozenset({'RED RETROSPOT CUP'}),0.03648424543946932,0.05638474295190713,0.026533996683250415,0.7272727272727273,12.898395721925134,1.0,0.02447684188235165,3.459922609176341,0.9574010327022378,0.4000000000000001,0.7109761942802365,0.5989304812834224
26,frozenset({'BLUE SPOT CERAMIC DRAWER KNOB'}),frozenset({'POSTAGE'}),0.02155887230514096,0.6351575456053068,0.02155887230514096,1.0,1.5744125326370757,1.0,0.007865591885789405,inf,0.3728813559322034,0.03394255874673629,1.0,0.5169712793733682
27,frozenset({'CARD CIRCUS PARADE'}),frozenset({'POSTAGE'}),0.028192371475953566,0.6351575456053068,0.026533996683250415,0.9411764705882353,1.4818000307172476,1.0,0.008627399211790687,6.202321724709783,0.33457764505119447,0.04166666666666667,0.8387700534759358,0.49147596375364766
28,frozenset({'CHARLOTTE BAG APPLES DESIGN'}),frozenset({'JUMBO BAG APPLES'}),0.05140961857379768,0.05140961857379768,0.02321724709784411,0.4516129032258064,8.784599375650362,1.0,0.02057429821594075,1.7297824602477805,0.9341908091908092,0.29166666666666663,0.42189262350552664,0.4516129032258064
29,frozenset({'JUMBO BAG APPLES'}),frozenset({'CHARLOTTE BAG APPLES DESIGN'}),0.05140961857379768,0.05140961857379768,0.02321724709784411,0.4516129032258064,8.784599375650362,1.0,0.02057429821594075,1.7297824602477805,0.9341908091908092,0.29166666666666663,0.42189262350552664,0.4516129032258064
30,frozenset({'CHARLOTTE BAG APPLES DESIGN'}),frozenset({'POSTAGE'}),0.05140961857379768,0.6351575456053068,0.04643449419568822,0.9032258064516128,1.422050029478649,1.0,0.013781287041849895,3.7700386954118246,0.3128746253746253,0.07253886010362694,0.7347507331378296,0.48816642802998395
31,frozenset({'CHARLOTTE BAG APPLES DESIGN'}),frozenset({'ROUND SNACK BOXES SET OF 4 FRUITS '}),0.05140961857379768,0.12935323383084577,0.024875621890547265,0.4838709677419355,3.740694789081886,1.0,0.01822562147801622,1.6868781094527365,0.7723776223776223,0.1595744680851064,0.40718894009216594,0.3380893300248139
32,frozenset({'CHARLOTTE BAG APPLES DESIGN'}),frozenset({'ROUND SNACK BOXES SET OF4 WOODLAND '}),0.05140961857379768,0.19734660033167495,0.029850746268656716,0.5806451612903225,2.9422607752778527,1.0,0.01970523281876961,1.9140196453629286,0.6959013209013208,0.13636363636363638,0.47753932284724065,0.3659528327460016
33,frozenset({'WOODLAND CHARLOTTE BAG'}),frozenset({'CHARLOTTE BAG APPLES DESIGN'}),0.0978441127694859,0.05140961857379768,0.024875621890547265,0.2542372881355932,4.945325314379442,1.0,0.01984549337337635,1.2719734660033168,0.8843137254901962,0.20000000000000004,0.2138200782268579,0.36905412793876435
34,frozenset({'CHARLOTTE BAG APPLES DESIGN'}),frozenset({'WOODLAND CHARLOTTE BAG'}),0.05140961857379768,0.0978441127694859,0.024875621890547265,0.4838709677419355,4.945325314379443,1.0,0.01984549337337635,1.747927031509121,0.841025641025641,0.20000000000000004,0.4278937381404175,0.36905412793876435
35,frozenset({'CHARLOTTE BAG SUKI DESIGN'}),frozenset({'POSTAGE'}),0.03814262023217247,0.6351575456053068,0.028192371475953566,0.7391304347826086,1.1636962197752299,1.0,0.003965798426331581,1.3985627418463238,0.14624746450304257,0.04370179948586118,0.28498023715415005,0.391758428879555
36,frozenset({'WOODLAND CHARLOTTE BAG'}),frozenset({'CHARLOTTE BAG SUKI DESIGN'}),0.0978441127694859,0.03814262023217247,0.029850746268656716,0.3050847457627119,7.99852616064849,1.0,0.026118715433336357,1.3841362294219959,0.9698733660130718,0.28125,0.2775277615429574,0.5438467207074429
37,frozenset({'CHARLOTTE BAG SUKI DESIGN'}),frozenset({'WOODLAND CHARLOTTE BAG'}),0.03814262023217247,0.0978441127694859,0.029850746268656716,0.782608695652174,7.99852616064849,1.0,0.026118715433336357,4.149917081260366,0.9096743295019157,0.28125,0.7590313299232737,0.5438467207074429
38,"frozenset({""CHILDREN'S CIRCUS PARADE MUG""})",frozenset({'POSTAGE'}),0.024875621890547265,0.6351575456053068,0.02155887230514096,0.8666666666666666,1.3644908616187987,1.0,0.005758933359735319,2.7363184079601974,0.27394034536891676,0.033766233766233764,0.6345454545454543,0.4503046127067014
39,"frozenset({""CHILDREN'S SPACEBOY MUG""})",frozenset({'POSTAGE'}),0.024875621890547265,0.6351575456053068,0.02155887230514096,0.8666666666666666,1.3644908616187987,1.0,0.005758933359735319,2.7363184079601974,0.27394034536891676,0.033766233766233764,0.6345454545454543,0.4503046127067014
40,frozenset({'CHILDRENS APRON APPLES DESIGN'}),frozenset({'POSTAGE'}),0.03150912106135987,0.6351575456053068,0.028192371475953566,0.894736842105263,1.4086848976226465,1.0,0.00817911547843975,3.466003316749582,0.2995568090249798,0.04415584415584416,0.7114832535885165,0.4695616325408822
41,frozenset({'CHILDRENS APRON SPACEBOY DESIGN'}),frozenset({'POSTAGE'}),0.02321724709784411,0.6351575456053068,0.02155887230514096,0.9285714285714286,1.4619544945915703,1.0,0.006812262622762364,5.107794361525707,0.3234948413216665,0.033854166666666664,0.8042207792207793,0.4812569936590824
42,frozenset({'CHILDRENS CUTLERY CIRCUS PARADE'}),frozenset({'POSTAGE'}),0.028192371475953566,0.6351575456053068,0.024875621890547265,0.8823529411764707,1.3891875287974198,1.0,0.006969024419087536,3.1011608623548943,0.28828213879408415,0.03896103896103897,0.677540106951872,0.4607587160190447
43,frozenset({'CHILDRENS CUTLERY DOLLY GIRL '}),frozenset({'CHILDRENS CUTLERY SPACEBOY '}),0.03814262023217247,0.03648424543946932,0.029850746268656716,0.782608695652174,21.450592885375496,1.0,0.02845914155040167,4.432172470978442,0.9911877394636016,0.6666666666666667,0.774377011150191,0.8003952569169961
44,frozenset({'CHILDRENS CUTLERY SPACEBOY '}),frozenset({'CHILDRENS CUTLERY DOLLY GIRL '}),0.03648424543946932,0.03814262023217247,0.029850746268656716,0.8181818181818181,21.450592885375492,1.0,0.02845914155040167,5.29021558872305,0.9894817364696884,0.6666666666666667,0.8109717868338557,0.8003952569169961
45,frozenset({'CHILDRENS CUTLERY DOLLY GIRL '}),frozenset({'POSTAGE'}),0.03814262023217247,0.6351575456053068,0.03482587064676617,0.9130434782608696,1.4375070950164606,1.0,0.010599297597144185,4.195688225538975,0.3164203612479475,0.054545454545454536,0.7616600790513836,0.483936882733568
46,frozenset({'CHILDRENS CUTLERY SPACEBOY '}),frozenset({'POSTAGE'}),0.03648424543946932,0.6351575456053068,0.03482587064676617,0.9545454545454546,1.5028483266081178,1.0,0.011652626860171229,8.026533996683257,0.34726661749036963,0.0546875,0.875413223140496,0.5046878708758604
47,frozenset({'CHILDS BREAKFAST SET CIRCUS PARADE'}),frozenset({'POSTAGE'}),0.04311774461028192,0.6351575456053068,0.029850746268656716,0.6923076923076923,1.089977907210283,1.0,0.0024641854299536047,1.185737976782753,0.08626997881763916,0.04603580562659846,0.1566433566433566,0.36965254067081743
48,frozenset({'CHOCOLATE BOX RIBBONS '}),frozenset({'POSTAGE'}),0.029850746268656716,0.6351575456053068,0.02321724709784411,0.7777777777777778,1.2245430809399478,1.0,0.004257320363357343,1.6417910447761195,0.189010989010989,0.03617571059431524,0.39090909090909093,0.40716565129097765
49,frozenset({'SCANDINAVIAN REDS RIBBONS'}),frozenset({'CHOCOLATE BOX RIBBONS '}),0.03648424543946932,0.029850746268656716,0.02155887230514096,0.5909090909090908,19.795454545454543,1.0,0.020469790351723968,2.3714759535655054,0.9854362504964916,0.4814814814814814,0.5783216783216782,0.6565656565656566
50,frozenset({'CHOCOLATE BOX RIBBONS '}),frozenset({'SCANDINAVIAN REDS RIBBONS'}),0.029850746268656716,0.03648424543946932,0.02155887230514096,0.7222222222222222,19.795454545454543,1.0,0.020469790351723968,3.46865671641791,0.978698224852071,0.4814814814814814,0.7117039586919106,0.6565656565656566
51,frozenset({'CIRCUS PARADE LUNCH BOX '}),frozenset({'POSTAGE'}),0.029850746268656716,0.6351575456053068,0.024875621890547265,0.8333333333333334,1.31201044386423,1.0,0.0059156951560604965,2.18905472636816,0.2451282051282052,0.03886010362694301,0.5431818181818183,0.43624891209747607
52,frozenset({'CLOTHES PEGS RETROSPOT PACK 24 '}),frozenset({'POSTAGE'}),0.03316749585406302,0.6351575456053068,0.02321724709784411,0.7,1.102088772845953,1.0,0.002150661837303256,1.2161415146489771,0.09580985052683162,0.03598971722365039,0.17772727272727262,0.36827676240208873
53,frozenset({'COFFEE MUG PEARS  DESIGN'}),frozenset({'COFFEE MUG APPLES DESIGN'}),0.029850746268656716,0.04975124378109453,0.026533996683250415,0.888888888888889,17.866666666666667,1.0,0.025048884928590878,8.552238805970154,0.9730769230769232,0.5000000000000001,0.8830715532286214,0.7111111111111111
54,frozenset({'COFFEE MUG APPLES DESIGN'}),frozenset({'COFFEE MUG PEARS  DESIGN'}),0.04975124378109453,0.029850746268656716,0.026533996683250415,0.5333333333333333,17.866666666666667,1.0,0.025048884928590878,2.0788912579957355,0.993455497382199,0.5000000000000001,0.518974358974359,0.7111111111111111
55,frozenset({'COFFEE MUG APPLES DESIGN'}),frozenset({'POSTAGE'}),0.04975124378109453,0.6351575456053068,0.04145936981757877,0.8333333333333333,1.3120104438642297,1.0,0.009859491926767487,2.189054726368158,0.250261780104712,0.06443298969072166,0.543181818181818,0.4493037423846823
56,frozenset({'COFFEE MUG APPLES DESIGN'}),frozenset({'ROUND SNACK BOXES SET OF 4 FRUITS '}),0.04975124378109453,0.12935323383084577,0.02155887230514096,0.4333333333333333,3.3499999999999996,1.0,0.015123388034949628,1.5364354697102722,0.7382198952879581,0.13684210526315788,0.34914285714285703,0.3
57,frozenset({'COFFEE MUG APPLES DESIGN'}),frozenset({'ROUND SNACK BOXES SET OF4 WOODLAND '}),0.04975124378109453,0.19734660033167495,0.024875621890547265,0.5,2.5336134453781516,1.0,0.015057383068075874,1.60530679933665,0.6369982547993019,0.1119402985074627,0.37706611570247933,0.3130252100840336
58,frozenset({'COFFEE MUG PEARS  DESIGN'}),frozenset({'POSTAGE'}),0.029850746268656716,0.6351575456053068,0.026533996683250415,0.888888888888889,1.3994778067885119,1.0,0.007574069948763647,3.2835820895522407,0.2942307692307693,0.04155844155844156,0.6954545454545457,0.4653321729039745
59,frozenset({'EDWARDIAN PARASOL BLACK'}),frozenset({'POSTAGE'}),0.026533996683250415,0.6351575456053068,0.024875621890547265,0.9375,1.4760117493472584,1.0,0.00802235368211458,5.837479270315091,0.3312890403180011,0.0390625,0.8286931818181819,0.4883322454308094
60,frozenset({'EDWARDIAN PARASOL RED'}),frozenset({'POSTAGE'}),0.024875621890547265,0.6351575456053068,0.02321724709784411,0.9333333333333332,1.4694516971279372,1.0,0.007417308152438469,5.47263681592039,0.3276239067055393,0.03645833333333333,0.817272727272727,0.48494342906875537
61,frozenset({'FAWN BLUE HOT WATER BOTTLE'}),frozenset({'POSTAGE'}),0.04809286898839138,0.6351575456053068,0.04477611940298507,0.9310344827586206,1.4658323579724497,1.0,0.014229570775200831,5.290215588723041,0.3338495289714801,0.07012987012987013,0.8109717868338554,0.5007652831547672
62,frozenset({'PLASTERS IN TIN CIRCUS PARADE '}),frozenset({'GUMBALL COAT RACK'}),0.0945273631840796,0.07462686567164178,0.02155887230514096,0.22807017543859648,3.056140350877193,1.0,0.014504591470508156,1.1987788331071914,0.7430262045646662,0.14606741573033707,0.16581777023203167,0.2584795321637427
63,frozenset({'GUMBALL COAT RACK'}),frozenset({'PLASTERS IN TIN CIRCUS PARADE '}),0.07462686567164178,0.0945273631840796,0.02155887230514096,0.2888888888888889,3.056140350877193,1.0,0.014504591470508156,1.2733208955223883,0.7270471464019852,0.14606741573033707,0.21465201465201467,0.2584795321637427
64,frozenset({'GUMBALL COAT RACK'}),frozenset({'POSTAGE'}),0.07462686567164178,0.6351575456053068,0.04311774461028192,0.5777777777777778,0.9096605744125328,1.0,-0.004282072225934998,0.8641005498821682,-0.09691876750700273,0.06467661691542288,-0.1572727272727271,0.3228314476356252
65,frozenset({'GUMBALL COAT RACK'}),frozenset({'REGENCY CAKESTAND 3 TIER'}),0.07462686567164178,0.13432835820895522,0.024875621890547265,0.33333333333333337,2.481481481481482,1.0,0.014851117546595384,1.2985074626865674,0.6451612903225807,0.13513513513513514,0.2298850574712644,0.2592592592592593
66,frozenset({'GUMBALL COAT RACK'}),frozenset({'ROUND SNACK BOXES SET OF 4 FRUITS '}),0.07462686567164178,0.12935323383084577,0.024875621890547265,0.33333333333333337,2.5769230769230775,1.0,0.01522239548526027,1.3059701492537314,0.6612903225806452,0.1388888888888889,0.23428571428571432,0.26282051282051283
67,frozenset({'GUMBALL COAT RACK'}),frozenset({'ROUND SNACK BOXES SET OF4 WOODLAND '}),0.07462686567164178,0.19734660033167495,0.03150912106135987,0.4222222222222223,2.139495798319328,1.0,0.016781762827652785,1.389207807118255,0.5755517826825128,0.1310344827586207,0.28016528925619844,0.2909430438842204
68,frozenset({'IVORY KITCHEN SCALES'}),frozenset({'POSTAGE'}),0.04311774461028192,0.6351575456053068,0.03150912106135987,0.7307692307692308,1.1505322353886325,1.0,0.004122560222656758,1.3551291163231465,0.13673264617349276,0.04871794871794872,0.26206293706293726,0.39018879293030734
69,frozenset({'JAM JAR WITH PINK LID'}),frozenset({'JAM JAR WITH GREEN LID'}),0.05638474295190713,0.03150912106135987,0.028192371475953566,0.5,15.868421052631577,1.0,0.026415737784268267,1.9369817578772803,0.992970123022847,0.47222222222222215,0.48373287671232873,0.6973684210526315
70,frozenset({'JAM JAR WITH GREEN LID'}),frozenset({'JAM JAR WITH PINK LID'}),0.03150912106135987,0.05638474295190713,0.028192371475953566,0.894736842105263,15.868421052631577,1.0,0.026415737784268267,8.964344941956874,0.9674657534246576,0.47222222222222215,0.8884469521783368,0.6973684210526315
71,frozenset({'JAM JAR WITH GREEN LID'}),frozenset({'POSTAGE'}),0.03150912106135987,0.6351575456053068,0.024875621890547265,0.7894736842105263,1.2429572626082177,1.0,0.00486236589303345,1.733001658374793,0.20182648401826478,0.03875968992248063,0.42296650717703355,0.41431908753607255
72,frozenset({'JAM JAR WITH PINK LID'}),frozenset({'JAM MAKING SET PRINTED'}),0.05638474295190713,0.07131011608623548,0.02321724709784411,0.4117647058823529,5.774281805745554,1.0,0.019196444532451066,1.5787728026533996,0.8762239517951294,0.2222222222222222,0.36659663865546216,0.3686730506155951
73,frozenset({'JAM MAKING SET PRINTED'}),frozenset({'JAM JAR WITH PINK LID'}),0.07131011608623548,0.05638474295190713,0.02321724709784411,0.32558139534883723,5.774281805745554,1.0,0.019196444532451066,1.3991536570023446,0.8903061224489797,0.2222222222222222,0.28528221686353045,0.3686730506155951
74,frozenset({'JAM JAR WITH PINK LID'}),frozenset({'POSTAGE'}),0.05638474295190713,0.6351575456053068,0.04311774461028192,0.7647058823529411,1.2039625249577637,1.0,0.007304549667362464,1.5505804311774458,0.17953224280113547,0.06649616368286446,0.35508021390374317,0.41629549992320686
75,frozenset({'JAM JAR WITH PINK LID'}),frozenset({'ROUND SNACK BOXES SET OF4 WOODLAND '}),0.05638474295190713,0.19734660033167495,0.024875621890547265,0.44117647058823534,2.2355412753336634,1.0,0.013748284558413022,1.4363271362485817,0.5857059168131225,0.10869565217391304,0.30377977637335934,0.2836134453781513
76,frozenset({'JAM MAKING SET PRINTED'}),frozenset({'PLASTERS IN TIN WOODLAND ANIMALS'}),0.07131011608623548,0.10945273631840796,0.02155887230514096,0.3023255813953488,2.7621564482029597,1.0,0.013753784972319168,1.2764510779436153,0.6869505494505496,0.13541666666666666,0.2165778874886319,0.2496476391825229
77,frozenset({'JAM MAKING SET PRINTED'}),frozenset({'POSTAGE'}),0.07131011608623548,0.6351575456053068,0.05638474295190713,0.7906976744186047,1.2448843281316413,1.0,0.011091584641744298,1.7431361709968682,0.21181722689075644,0.08673469387755102,0.4263213530655393,0.43973526018580367
78,frozenset({'JAM MAKING SET PRINTED'}),frozenset({'REGENCY CAKESTAND 3 TIER'}),0.07131011608623548,0.13432835820895522,0.026533996683250415,0.372093023255814,2.770025839793282,1.0,0.016955025865696395,1.3786622443338863,0.6880580357142858,0.14814814814814814,0.27465918203688855,0.28481194372667246
79,frozenset({'JAM MAKING SET WITH JARS'}),frozenset({'POSTAGE'}),0.03980099502487562,0.6351575456053068,0.026533996683250415,0.6666666666666667,1.049608355091384,1.0,0.0012540943706013906,1.09452736318408,0.04922279792746125,0.040920716112531966,0.08636363636363657,0.3542210617928634
80,frozenset({'JUMBO BAG APPLES'}),frozenset({'POSTAGE'}),0.05140961857379768,0.6351575456053068,0.03980099502487562,0.7741935483870968,1.2189000252674134,1.0,0.007147787871037294,1.6157308694622126,0.18932109557109553,0.06153846153846154,0.38108504398826976,0.4184283668828434
81,frozenset({'JUMBO BAG PEARS'}),frozenset({'POSTAGE'}),0.02321724709784411,0.6351575456053068,0.02155887230514096,0.9285714285714286,1.4619544945915703,1.0,0.006812262622762364,5.107794361525707,0.3234948413216665,0.033854166666666664,0.8042207792207793,0.4812569936590824
82,frozenset({'JUMBO BAG RED RETROSPOT'}),frozenset({'JUMBO BAG PINK POLKADOT'}),0.05970149253731343,0.026533996683250415,0.024875621890547265,0.4166666666666667,15.703125,1.0,0.02329150268557709,1.6687988628287138,0.9957671957671957,0.40540540540540543,0.4007666098807496,0.6770833333333334
83,frozenset({'JUMBO BAG PINK POLKADOT'}),frozenset({'JUMBO BAG RED RETROSPOT'}),0.026533996683250415,0.05970149253731343,0.024875621890547265,0.9375,15.703125,1.0,0.02329150268557709,15.044776119402986,0.9618398637137989,0.40540540540540543,0.933531746031746,0.6770833333333334
84,frozenset({'JUMBO BAG PINK POLKADOT'}),frozenset({'POSTAGE'}),0.026533996683250415,0.6351575456053068,0.02155887230514096,0.8124999999999999,1.2792101827676239,1.0,0.0047056040967082755,1.9458264234383627,0.22421700956624288,0.03367875647668394,0.4860795454545452,0.42322127937336806
85,frozenset({'JUMBO BAG RED RETROSPOT'}),frozenset({'JUMBO BAG WOODLAND ANIMALS'}),0.05970149253731343,0.07960199004975124,0.03648424543946932,0.6111111111111112,7.677083333333334,1.0,0.031731887824558797,2.3667377398720686,0.9249639249639249,0.3548387096774194,0.5774774774774776,0.5347222222222223
86,frozenset({'JUMBO BAG WOODLAND ANIMALS'}),frozenset({'JUMBO BAG RED RETROSPOT'}),0.07960199004975124,0.05970149253731343,0.03648424543946932,0.45833333333333337,7.677083333333334,1.0,0.031731887824558797,1.73593570608496,0.9449631449631448,0.3548387096774194,0.42394179894179895,0.5347222222222223
87,frozenset({'JUMBO BAG RED RETROSPOT'}),frozenset({'POSTAGE'}),0.05970149253731343,0.6351575456053068,0.04809286898839138,0.8055555555555556,1.2682767624020888,1.0,0.010173015519417843,1.8763326226012795,0.22495894909688025,0.07435897435897437,0.4670454545454546,0.440636785610676
88,frozenset({'JUMBO BAG WOODLAND ANIMALS'}),frozenset({'PLASTERS IN TIN WOODLAND ANIMALS'}),0.07960199004975124,0.10945273631840796,0.02155887230514096,0.2708333333333333,2.474431818181818,1.0,0.012846216677805004,1.2213219616204691,0.6474012474012473,0.1287128712871287,0.18121508379888265,0.23390151515151514
89,frozenset({'JUMBO BAG WOODLAND ANIMALS'}),frozenset({'POSTAGE'}),0.07960199004975124,0.6351575456053068,0.06633499170812604,0.8333333333333334,1.31201044386423,1.0,0.01577518708282799,2.18905472636816,0.2583783783783785,0.10230179028132994,0.5431818181818183,0.46888598781549173
90,frozenset({'JUMBO BAG WOODLAND ANIMALS'}),frozenset({'ROUND SNACK BOXES SET OF4 WOODLAND '}),0.07960199004975124,0.19734660033167495,0.028192371475953566,0.3541666666666667,1.7946428571428574,1.0,0.012483189359999342,1.2428181672283745,0.48108108108108116,0.11333333333333336,0.19537706611570252,0.24851190476190477
91,frozenset({'WOODLAND CHARLOTTE BAG'}),frozenset({'JUMBO BAG WOODLAND ANIMALS'}),0.0978441127694859,0.07960199004975124,0.03814262023217247,0.3898305084745763,4.897245762711865,1.0,0.030354034141069117,1.508430071862908,0.8821131713554988,0.2738095238095238,0.3370590929912964,0.4344985875706215
92,frozenset({'JUMBO BAG WOODLAND ANIMALS'}),frozenset({'WOODLAND CHARLOTTE BAG'}),0.07960199004975124,0.0978441127694859,0.03814262023217247,0.4791666666666667,4.897245762711865,1.0,0.030354034141069117,1.7321393034825874,0.8646298472385429,0.2738095238095238,0.4226792279411765,0.4344985875706215
93,frozenset({'LUNCH BAG APPLE DESIGN'}),frozenset({'POSTAGE'}),0.04643449419568822,0.6351575456053068,0.04145936981757877,0.8928571428571429,1.4057254755688178,1.0,0.011966150452821577,3.405196241017138,0.3026782608695653,0.06476683937823834,0.706331168831169,0.4790656471465871
94,frozenset({'LUNCH BAG APPLE DESIGN'}),frozenset({'ROUND SNACK BOXES SET OF 4 FRUITS '}),0.04643449419568822,0.12935323383084577,0.02155887230514096,0.4642857142857143,3.5892857142857144,1.0,0.015552420319629051,1.625207296849088,0.7565217391304347,0.13978494623655915,0.38469387755102047,0.31547619047619047
95,frozenset({'LUNCH BAG APPLE DESIGN'}),frozenset({'ROUND SNACK BOXES SET OF4 WOODLAND '}),0.04643449419568822,0.19734660033167495,0.026533996683250415,0.5714285714285715,2.8955582232893162,1.0,0.017370307115610453,1.8728579325594255,0.6865217391304349,0.12213740458015267,0.46605667060212524,0.3529411764705883
96,frozenset({'LUNCH BAG RED RETROSPOT'}),frozenset({'LUNCH BAG WOODLAND'}),0.03316749585406302,0.05970149253731343,0.024875621890547265,0.75,12.5625,1.0,0.022895472884334547,3.7611940298507465,0.9519725557461406,0.3658536585365854,0.7341269841269842,0.5833333333333334
97,frozenset({'LUNCH BAG WOODLAND'}),frozenset({'LUNCH BAG RED RETROSPOT'}),0.05970149253731343,0.03316749585406302,0.024875621890547265,0.4166666666666667,12.5625,1.0,0.022895472884334547,1.6574271499644637,0.9788359788359787,0.3658536585365854,0.39665523156089194,0.5833333333333334
98,frozenset({'LUNCH BAG RED RETROSPOT'}),frozenset({'POSTAGE'}),0.03316749585406302,0.6351575456053068,0.024875621890547265,0.75,1.1808093994778068,1.0,0.00380903663000641,1.4593698175787728,0.15837621497998863,0.03865979381443299,0.31477272727272726,0.3945822454308094
99,frozenset({'LUNCH BAG SPACEBOY DESIGN '}),frozenset({'POSTAGE'}),0.02321724709784411,0.6351575456053068,0.02321724709784411,1.0,1.5744125326370757,1.0,0.008470637415465514,inf,0.3735144312393888,0.03655352480417754,1.0,0.5182767624020888
100,frozenset({'LUNCH BAG WOODLAND'}),frozenset({'POSTAGE'}),0.05970149253731343,0.6351575456053068,0.05140961857379768,0.8611111111111112,1.355744125326371,1.0,0.013489765104824143,2.626865671641792,0.27905785970302105,0.07989690721649485,0.619318181818182,0.471025529445895
101,frozenset({'LUNCH BAG WOODLAND'}),frozenset({'ROUND SNACK BOXES SET OF4 WOODLAND '}),0.05970149253731343,0.19734660033167495,0.028192371475953566,0.4722222222222222,2.392857142857143,1.0,0.016410484888987897,1.5208169677926158,0.6190476190476191,0.12318840579710146,0.3424586776859504,0.30753968253968256
102,frozenset({'WOODLAND CHARLOTTE BAG'}),frozenset({'LUNCH BAG WOODLAND'}),0.0978441127694859,0.05970149253731343,0.024875621890547265,0.2542372881355932,4.258474576271186,1.0,0.019034182322219748,1.260854816824966,0.8481617647058823,0.1875,0.20688727468388482,0.33545197740113
103,frozenset({'LUNCH BAG WOODLAND'}),frozenset({'WOODLAND CHARLOTTE BAG'}),0.05970149253731343,0.0978441127694859,0.024875621890547265,0.4166666666666667,4.258474576271187,1.0,0.019034182322219748,1.5465529495380244,0.8137566137566137,0.1875,0.3534007352941177,0.33545197740113
104,frozenset({'LUNCH BOX WITH CUTLERY RETROSPOT '}),frozenset({'POSTAGE'}),0.05306799336650083,0.6351575456053068,0.04145936981757877,0.78125,1.2300097911227155,1.0,0.007752833400713401,1.6678512200900262,0.19747810858143602,0.06410256410256411,0.4004261363636364,0.42326207571801566
105,frozenset({'LUNCH BOX WITH CUTLERY RETROSPOT '}),frozenset({'ROUND SNACK BOXES SET OF 4 FRUITS '}),0.05306799336650083,0.12935323383084577,0.024875621890547265,0.46875,3.623798076923077,1.0,0.01801110533567651,1.6388645010242904,0.7646234676007004,0.15789473684210525,0.3898214285714286,0.33052884615384615
106,frozenset({'LUNCH BOX WITH CUTLERY RETROSPOT '}),frozenset({'ROUND SNACK BOXES SET OF4 WOODLAND '}),0.05306799336650083,0.19734660033167495,0.029850746268656716,0.5625,2.8503151260504205,1.0,0.0193779581913539,1.8346363420990286,0.6855419342284491,0.13533834586466167,0.4549328512396694,0.35688025210084034
107,frozenset({'LUNCH BOX WITH CUTLERY RETROSPOT '}),frozenset({'SKULL LUNCH BOX WITH CUTLERY '}),0.05306799336650083,0.04311774461028192,0.024875621890547265,0.46875,10.871394230769232,1.0,0.022587449705590346,1.8011901277924105,0.9589025102159952,0.34883720930232553,0.4448115251299827,0.5228365384615385
108,frozenset({'SKULL LUNCH BOX WITH CUTLERY '}),frozenset({'LUNCH BOX WITH CUTLERY RETROSPOT '}),0.04311774461028192,0.05306799336650083,0.024875621890547265,0.576923076923077,10.871394230769232,1.0,0.022587449705590346,2.238202924770089,0.9489312536106296,0.34883720930232553,0.5532129866630743,0.5228365384615385
109,frozenset({'LUNCH BOX WITH CUTLERY RETROSPOT '}),frozenset({'STRAWBERRY LUNCH BOX WITH CUTLERY'}),0.05306799336650083,0.06301824212271974,0.024875621890547265,0.46875,7.438322368421052,1.0,0.02153137023561023,1.7637303677689982,0.914068884997081,0.27272727272727276,0.4330199115044248,0.4317434210526316
110,frozenset({'STRAWBERRY LUNCH BOX WITH CUTLERY'}),frozenset({'LUNCH BOX WITH CUTLERY RETROSPOT '}),0.06301824212271974,0.05306799336650083,0.024875621890547265,0.39473684210526316,7.438322368421052,1.0,0.02153137023561023,1.5644963587857812,0.9237758112094395,0.27272727272727276,0.36081666513042676,0.4317434210526316
111,frozenset({'MEMO BOARD COTTAGE DESIGN'}),frozenset({'POSTAGE'}),0.04145936981757877,0.6351575456053068,0.03482587064676617,0.8400000000000001,1.3225065274151437,1.0,0.008492639071090102,2.280265339966834,0.2544076454111057,0.05426356589147286,0.5614545454545457,0.4474151436031332
112,frozenset({'MINI PAINT SET VINTAGE '}),frozenset({'POSTAGE'}),0.024875621890547265,0.6351575456053068,0.02155887230514096,0.8666666666666666,1.3644908616187987,1.0,0.005758933359735319,2.7363184079601974,0.27394034536891676,0.033766233766233764,0.6345454545454543,0.4503046127067014
113,frozenset({'MINT KITCHEN SCALES'}),frozenset({'POSTAGE'}),0.04477611940298507,0.6351575456053068,0.02321724709784411,0.5185185185185185,0.8163620539599652,1.0,-0.005222643003886043,0.7577497129735935,-0.19060523938572724,0.03535353535353535,-0.31969696969696976,0.277536021661348
114,frozenset({'PACK 3 BOXES BIRD PANNETONE '}),frozenset({'POSTAGE'}),0.024875621890547265,0.6351575456053068,0.02321724709784411,0.9333333333333332,1.4694516971279372,1.0,0.007417308152438469,5.47263681592039,0.3276239067055393,0.03645833333333333,0.817272727272727,0.48494342906875537
115,frozenset({'PACK OF 12 WOODLAND TISSUES '}),frozenset({'POSTAGE'}),0.029850746268656716,0.6351575456053068,0.028192371475953566,0.9444444444444444,1.4869451697127938,1.0,0.009232444741466797,6.567164179104474,0.33755656108597293,0.044270833333333336,0.8477272727272727,0.49441543371047286
116,frozenset({'PACK OF 20 NAPKINS PANTRY DESIGN'}),frozenset({'POSTAGE'}),0.04809286898839138,0.6351575456053068,0.03150912106135987,0.6551724137931034,1.0315116593139462,1.0,0.0009625724335756286,1.0580431177446101,0.03209242618741984,0.04834605597964377,0.05485893416927894,0.35239038444224363
117,frozenset({'PACK OF 20 NAPKINS PANTRY DESIGN'}),frozenset({'ROUND SNACK BOXES SET OF4 WOODLAND '}),0.04809286898839138,0.19734660033167495,0.024875621890547265,0.5172413793103449,2.6209794262532604,1.0,0.015384657695491587,1.6626391850272448,0.6497096399535425,0.11278195488721805,0.3985465944713594,0.32164589973920604
118,frozenset({'PACK OF 20 NAPKINS RED APPLES'}),frozenset({'POSTAGE'}),0.04809286898839138,0.6351575456053068,0.03814262023217247,0.793103448275862,1.248672008643198,1.0,0.00759607160438823,1.7634051962410164,0.20921072564762913,0.05912596401028278,0.4329153605015672,0.4265778337985054
119,frozenset({'PACK OF 20 NAPKINS RED APPLES'}),frozenset({'ROUND SNACK BOXES SET OF4 WOODLAND '}),0.04809286898839138,0.19734660033167495,0.028192371475953566,0.5862068965517241,2.9704433497536944,1.0,0.018701407280897888,1.9397457158651186,0.6968641114982579,0.12977099236641224,0.4844685095468794,0.3645320197044335
120,frozenset({'PACK OF 6 BIRDY GIFT TAGS'}),frozenset({'POSTAGE'}),0.029850746268656716,0.6351575456053068,0.029850746268656716,1.0,1.5744125326370757,1.0,0.010890819534169947,inf,0.3760683760683761,0.04699738903394256,1.0,0.5234986945169713
121,frozenset({'PACK OF 72 RETROSPOT CAKE CASES'}),frozenset({'POSTAGE'}),0.06467661691542288,0.6351575456053068,0.04145936981757877,0.6410256410256411,1.0092388029724846,1.0,0.00037952855952410464,1.0163468372423599,0.009787234042553205,0.06297229219143577,0.016083916083916246,0.3531498962308362
122,frozenset({'PANTRY MAGNETIC  SHOPPING LIST'}),frozenset({'POSTAGE'}),0.03980099502487562,0.6351575456053068,0.02155887230514096,0.5416666666666666,0.8528067885117493,1.0,-0.003721030007508064,0.7960199004975124,-0.15236486486486484,0.032994923857868015,-0.2562500000000001,0.28780461270670143
123,frozenset({'SET OF 3 REGENCY CAKE TINS'}),frozenset({'PANTRY MAGNETIC  SHOPPING LIST'}),0.06633499170812604,0.03980099502487562,0.02155887230514096,0.32499999999999996,8.165624999999999,1.0,0.01891867363019067,1.4225170444075914,0.939882497608963,0.2549019607843137,0.297020725388601,0.4333333333333333
124,frozenset({'PANTRY MAGNETIC  SHOPPING LIST'}),frozenset({'SET OF 3 REGENCY CAKE TINS'}),0.03980099502487562,0.06633499170812604,0.02155887230514096,0.5416666666666666,8.165624999999999,1.0,0.01891867363019067,2.0370872908186337,0.9139099242726185,0.2549019607843137,0.5091030195381883,0.4333333333333333
125,frozenset({'PINK  POLKADOT CUP'}),frozenset({'POSTAGE'}),0.029850746268656716,0.6351575456053068,0.024875621890547265,0.8333333333333334,1.31201044386423,1.0,0.0059156951560604965,2.18905472636816,0.2451282051282052,0.03886010362694301,0.5431818181818183,0.43624891209747607
126,frozenset({'RED RETROSPOT CUP'}),frozenset({'PINK  POLKADOT CUP'}),0.05638474295190713,0.029850746268656716,0.02321724709784411,0.4117647058823529,13.794117647058822,1.0,0.021534120442563302,1.6492537313432836,0.9829274416269144,0.368421052631579,0.3936651583710407,0.5947712418300654
127,frozenset({'PINK  POLKADOT CUP'}),frozenset({'RED RETROSPOT CUP'}),0.029850746268656716,0.05638474295190713,0.02321724709784411,0.7777777777777778,13.794117647058824,1.0,0.021534120442563302,4.246268656716419,0.956043956043956,0.368421052631579,0.7644991212653779,0.5947712418300654
128,frozenset({'PLASTERS IN TIN CIRCUS PARADE '}),frozenset({'PLASTERS IN TIN SPACEBOY'}),0.0945273631840796,0.0845771144278607,0.03648424543946932,0.38596491228070173,4.563467492260061,1.0,0.02848939382688547,1.4908315565031984,0.8623876123876124,0.25581395348837205,0.32923340961098396,0.40866873065015474
129,frozenset({'PLASTERS IN TIN SPACEBOY'}),frozenset({'PLASTERS IN TIN CIRCUS PARADE '}),0.0845771144278607,0.0945273631840796,0.03648424543946932,0.4313725490196078,4.563467492260061,1.0,0.02848939382688547,1.5923829130211014,0.8530138339920947,0.25581395348837205,0.37201034259857785,0.40866873065015474
130,frozenset({'PLASTERS IN TIN CIRCUS PARADE '}),frozenset({'PLASTERS IN TIN STRONGMAN'}),0.0945273631840796,0.05638474295190713,0.03814262023217247,0.40350877192982454,7.156346749226006,1.0,0.032812719157116574,1.5819432250512144,0.9500716674629719,0.338235294117647,0.3678660623439089,0.5399896800825593
131,frozenset({'PLASTERS IN TIN STRONGMAN'}),frozenset({'PLASTERS IN TIN CIRCUS PARADE '}),0.05638474295190713,0.0945273631840796,0.03814262023217247,0.6764705882352942,7.156346749226007,1.0,0.032812719157116574,2.798733604703754,0.9116680675479483,0.338235294117647,0.6426955397543633,0.5399896800825593
132,frozenset({'PLASTERS IN TIN CIRCUS PARADE '}),frozenset({'PLASTERS IN TIN WOODLAND ANIMALS'}),0.0945273631840796,0.10945273631840796,0.05140961857379768,0.543859649122807,4.9688995215311005,1.0,0.04106334001633623,1.9523536165327213,0.8821339950372208,0.3369565217391304,0.487797706556895,0.5067783094098883
133,frozenset({'PLASTERS IN TIN WOODLAND ANIMALS'}),frozenset({'PLASTERS IN TIN CIRCUS PARADE '}),0.10945273631840796,0.0945273631840796,0.05140961857379768,0.4696969696969697,4.9688995215311005,1.0,0.04106334001633623,1.7074626865671643,0.8969183636691294,0.3369565217391304,0.4143356643356644,0.5067783094098883
134,frozenset({'PLASTERS IN TIN CIRCUS PARADE '}),frozenset({'POSTAGE'}),0.0945273631840796,0.6351575456053068,0.07628524046434494,0.8070175438596491,1.2705785351106225,1.0,0.016245472471803503,1.8905472636815916,0.2351887243191591,0.11675126903553298,0.4710526315789473,0.4635609912509734
135,frozenset({'PLASTERS IN TIN CIRCUS PARADE '}),frozenset({'REGENCY CAKESTAND 3 TIER'}),0.0945273631840796,0.13432835820895522,0.028192371475953566,0.2982456140350877,2.220272904483431,1.0,0.015494665973614515,1.233582089552239,0.6069812540400775,0.14049586776859505,0.1893526920750151,0.2540610786224821
136,frozenset({'REGENCY CAKESTAND 3 TIER'}),frozenset({'PLASTERS IN TIN CIRCUS PARADE '}),0.13432835820895522,0.0945273631840796,0.028192371475953566,0.20987654320987653,2.220272904483431,1.0,0.015494665973614515,1.1459888059701493,0.6348884381338742,0.14049586776859505,0.12739112739112737,0.2540610786224821
137,frozenset({'PLASTERS IN TIN CIRCUS PARADE '}),frozenset({'ROUND SNACK BOXES SET OF 4 FRUITS '}),0.0945273631840796,0.12935323383084577,0.03980099502487562,0.42105263157894735,3.2550607287449393,1.0,0.02757357491151209,1.5038444142921754,0.7651098901098901,0.21621621621621623,0.3350375939849624,0.3643724696356275
138,frozenset({'ROUND SNACK BOXES SET OF 4 FRUITS '}),frozenset({'PLASTERS IN TIN CIRCUS PARADE '}),0.12935323383084577,0.0945273631840796,0.03980099502487562,0.3076923076923077,3.2550607287449393,1.0,0.02757357491151209,1.3079049198452184,0.7957142857142856,0.21621621621621623,0.23541842772612004,0.3643724696356275
139,frozenset({'PLASTERS IN TIN CIRCUS PARADE '}),frozenset({'ROUND SNACK BOXES SET OF4 WOODLAND '}),0.0945273631840796,0.19734660033167495,0.04477611940298507,0.47368421052631576,2.400265369305617,1.0,0.02612146564028943,1.5250414593698174,0.6442816442816443,0.18120805369127516,0.3442801217920835,0.3502874834144184
140,frozenset({'ROUND SNACK BOXES SET OF4 WOODLAND '}),frozenset({'PLASTERS IN TIN CIRCUS PARADE '}),0.19734660033167495,0.0945273631840796,0.04477611940298507,0.226890756302521,2.400265369305617,1.0,0.02612146564028943,1.1712091715336361,0.7268135904499541,0.18120805369127516,0.14618154954289408,0.3502874834144184
141,frozenset({'PLASTERS IN TIN SPACEBOY'}),frozenset({'PLASTERS IN TIN STRONGMAN'}),0.0845771144278607,0.05638474295190713,0.02321724709784411,0.2745098039215686,4.868512110726643,1.0,0.018448388241215148,1.3006588678230468,0.8680124223602482,0.19718309859154928,0.2311588958957924,0.3431372549019608
142,frozenset({'PLASTERS IN TIN STRONGMAN'}),frozenset({'PLASTERS IN TIN SPACEBOY'}),0.05638474295190713,0.0845771144278607,0.02321724709784411,0.4117647058823529,4.868512110726643,1.0,0.018448388241215148,1.5562189054726367,0.842078835048958,0.19718309859154928,0.3574168797953964,0.3431372549019608
143,frozenset({'PLASTERS IN TIN SPACEBOY'}),frozenset({'PLASTERS IN TIN WOODLAND ANIMALS'}),0.0845771144278607,0.10945273631840796,0.04809286898839138,0.5686274509803921,5.195187165775401,1.0,0.038835672384346924,2.064450474898236,0.8821214392803598,0.3295454545454546,0.5156095957936246,0.5040106951871658
144,frozenset({'PLASTERS IN TIN WOODLAND ANIMALS'}),frozenset({'PLASTERS IN TIN SPACEBOY'}),0.10945273631840796,0.0845771144278607,0.04809286898839138,0.4393939393939394,5.195187165775401,1.0,0.038835672384346924,1.6329164985881406,0.906761702947409,0.3295454545454546,0.38759881422924897,0.5040106951871658
145,frozenset({'PLASTERS IN TIN SPACEBOY'}),frozenset({'POSTAGE'}),0.0845771144278607,0.6351575456053068,0.07628524046434494,0.9019607843137254,1.4200583627706955,1.0,0.022565448049965756,3.721393034825867,0.323133270321361,0.11855670103092782,0.7312834224598928,0.5110326114780115
146,frozenset({'PLASTERS IN TIN SPACEBOY'}),frozenset({'ROUND SNACK BOXES SET OF 4 FRUITS '}),0.0845771144278607,0.12935323383084577,0.026533996683250415,0.3137254901960784,2.4253393665158374,1.0,0.01559367342392515,1.2686567164179106,0.641983695652174,0.1415929203539823,0.21176470588235294,0.2594268476621418
147,frozenset({'ROUND SNACK BOXES SET OF 4 FRUITS '}),frozenset({'PLASTERS IN TIN SPACEBOY'}),0.12935323383084577,0.0845771144278607,0.026533996683250415,0.20512820512820515,2.4253393665158374,1.0,0.01559367342392515,1.151661049590756,0.675,0.1415929203539823,0.13168896321070236,0.2594268476621418
148,frozenset({'PLASTERS IN TIN SPACEBOY'}),frozenset({'ROUND SNACK BOXES SET OF4 WOODLAND '}),0.0845771144278607,0.19734660033167495,0.03648424543946932,0.4313725490196078,2.185862580326248,1.0,0.019793239441267957,1.4115628752787786,0.5926383399209486,0.14864864864864866,0.29156538648517255,0.3081232492997199
149,frozenset({'SPACEBOY LUNCH BOX '}),frozenset({'PLASTERS IN TIN SPACEBOY'}),0.07960199004975124,0.0845771144278607,0.02321724709784411,0.29166666666666663,3.448529411764705,1.0,0.016484740476720872,1.292361720807726,0.7714285714285715,0.16470588235294117,0.22622282608695646,0.28308823529411764
150,frozenset({'PLASTERS IN TIN SPACEBOY'}),frozenset({'SPACEBOY LUNCH BOX '}),0.0845771144278607,0.07960199004975124,0.02321724709784411,0.2745098039215686,3.4485294117647056,1.0,0.016484740476720872,1.2686567164179103,0.7756211180124223,0.16470588235294117,0.2117647058823529,0.28308823529411764
151,frozenset({'PLASTERS IN TIN SPACEBOY'}),frozenset({'STRAWBERRY LUNCH BOX WITH CUTLERY'}),0.0845771144278607,0.06301824212271974,0.02155887230514096,0.2549019607843137,4.044891640866872,1.0,0.016228971230085064,1.257528148730034,0.8223244147157192,0.17105263157894737,0.2047891723060906,0.2985036119711042
152,frozenset({'STRAWBERRY LUNCH BOX WITH CUTLERY'}),frozenset({'PLASTERS IN TIN SPACEBOY'}),0.06301824212271974,0.0845771144278607,0.02155887230514096,0.3421052631578947,4.044891640866872,1.0,0.016228971230085064,1.3914427860696517,0.8034036759700478,0.17105263157894737,0.28132151029748276,0.2985036119711042
153,frozenset({'PLASTERS IN TIN STRONGMAN'}),frozenset({'PLASTERS IN TIN WOODLAND ANIMALS'}),0.05638474295190713,0.10945273631840796,0.028192371475953566,0.5,4.568181818181818,1.0,0.02202090707325726,1.7810945273631842,0.8277680140597539,0.20481927710843376,0.4385474860335195,0.3787878787878788
154,frozenset({'PLASTERS IN TIN WOODLAND ANIMALS'}),frozenset({'PLASTERS IN TIN STRONGMAN'}),0.10945273631840796,0.05638474295190713,0.028192371475953566,0.25757575757575757,4.568181818181818,1.0,0.02202090707325726,1.2709919788811048,0.877094972067039,0.20481927710843376,0.21321297331842146,0.3787878787878788
155,frozenset({'PLASTERS IN TIN STRONGMAN'}),frozenset({'POSTAGE'}),0.05638474295190713,0.6351575456053068,0.05140961857379768,0.9117647058823529,1.4354937797573337,1.0,0.015596423630878223,4.134881149806522,0.3215034865922104,0.08031088082901555,0.7581550802139037,0.49635232683151587
156,frozenset({'PLASTERS IN TIN STRONGMAN'}),frozenset({'ROUND SNACK BOXES SET OF 4 FRUITS '}),0.05638474295190713,0.12935323383084577,0.02155887230514096,0.38235294117647056,2.955882352941176,1.0,0.014265323465590785,1.4096185737976783,0.7012302284710017,0.13131313131313133,0.29058823529411765,0.2745098039215686
157,frozenset({'PLASTERS IN TIN STRONGMAN'}),frozenset({'ROUND SNACK BOXES SET OF4 WOODLAND '}),0.05638474295190713,0.19734660033167495,0.02321724709784411,0.4117647058823529,2.086505190311419,1.0,0.012089909765709868,1.3645107794361526,0.5518453427065027,0.10071942446043164,0.2671366067087992,0.2647058823529412
158,frozenset({'PLASTERS IN TIN WOODLAND ANIMALS'}),frozenset({'POSTAGE'}),0.10945273631840796,0.6351575456053068,0.08955223880597014,0.8181818181818181,1.2881557085212436,1.0,0.020032507446185316,2.006633499170812,0.25118973722325666,0.13670886075949365,0.5016528925619833,0.4795869926418229
159,frozenset({'RED TOADSTOOL LED NIGHT LIGHT'}),frozenset({'PLASTERS IN TIN WOODLAND ANIMALS'}),0.0779436152570481,0.10945273631840796,0.026533996683250415,0.3404255319148936,3.1102514506769823,1.0,0.018002854714817287,1.3501845610656398,0.7358363309352517,0.16494845360824742,0.2593605134910258,0.29142488716956805
160,frozenset({'PLASTERS IN TIN WOODLAND ANIMALS'}),frozenset({'RED TOADSTOOL LED NIGHT LIGHT'}),0.10945273631840796,0.0779436152570481,0.026533996683250415,0.24242424242424243,3.1102514506769823,1.0,0.018002854714817287,1.2171144278606965,0.7618715083798882,0.16494845360824742,0.17838456507521255,0.29142488716956805
161,frozenset({'PLASTERS IN TIN WOODLAND ANIMALS'}),frozenset({'REGENCY CAKESTAND 3 TIER'}),0.10945273631840796,0.13432835820895522,0.02321724709784411,0.2121212121212121,1.579124579124579,1.0,0.008514640726714684,1.0987370838117108,0.41181165203511566,0.10526315789473684,0.08986415882967604,0.1924803591470258
162,frozenset({'PLASTERS IN TIN WOODLAND ANIMALS'}),frozenset({'ROUND SNACK BOXES SET OF 4 FRUITS '}),0.10945273631840796,0.12935323383084577,0.03648424543946932,0.3333333333333333,2.576923076923077,1.0,0.02232618004504839,1.3059701492537312,0.6871508379888268,0.18032786885245902,0.23428571428571426,0.3076923076923077
163,frozenset({'ROUND SNACK BOXES SET OF 4 FRUITS '}),frozenset({'PLASTERS IN TIN WOODLAND ANIMALS'}),0.12935323383084577,0.10945273631840796,0.03648424543946932,0.28205128205128205,2.5769230769230766,1.0,0.02232618004504839,1.240405117270789,0.7028571428571427,0.18032786885245902,0.1938117748173614,0.3076923076923077
164,frozenset({'PLASTERS IN TIN WOODLAND ANIMALS'}),frozenset({'ROUND SNACK BOXES SET OF4 WOODLAND '}),0.10945273631840796,0.19734660033167495,0.05638474295190713,0.5151515151515151,2.6103896103896105,1.0,0.03478461754247007,1.6554726368159203,0.6927374301675978,0.22516556291390732,0.3959429000751315,0.4004329004329005
165,frozenset({'ROUND SNACK BOXES SET OF4 WOODLAND '}),frozenset({'PLASTERS IN TIN WOODLAND ANIMALS'}),0.19734660033167495,0.10945273631840796,0.05638474295190713,0.28571428571428575,2.610389610389611,1.0,0.03478461754247007,1.246766169154229,0.7685950413223142,0.22516556291390732,0.1979249800478851,0.4004329004329005
166,frozenset({'WOODLAND CHARLOTTE BAG'}),frozenset({'PLASTERS IN TIN WOODLAND ANIMALS'}),0.0978441127694859,0.10945273631840796,0.024875621890547265,0.2542372881355932,2.322804314329738,1.0,0.01416631601528015,1.194142921754862,0.63125,0.13636363636363638,0.1625793012025376,0.24075500770416025
167,frozenset({'PLASTERS IN TIN WOODLAND ANIMALS'}),frozenset({'WOODLAND CHARLOTTE BAG'}),0.10945273631840796,0.0978441127694859,0.024875621890547265,0.2272727272727273,2.3228043143297383,1.0,0.01416631601528015,1.1674958540630183,0.6394785847299813,0.13636363636363638,0.14346590909090912,0.24075500770416025
168,frozenset({'RABBIT NIGHT LIGHT'}),frozenset({'POSTAGE'}),0.03814262023217247,0.6351575456053068,0.03150912106135987,0.8260869565217392,1.3006016573958454,1.0,0.007282548011737885,2.0978441127694873,0.2402903811252269,0.049095607235142114,0.5233201581027671,0.43784765580656154
169,frozenset({'RED  HARMONICA IN BOX '}),frozenset({'POSTAGE'}),0.03482587064676617,0.6351575456053068,0.03482587064676617,1.0,1.5744125326370757,1.0,0.012705956123198272,inf,0.3780068728522337,0.05483028720626632,1.0,0.5274151436031331
170,frozenset({'RED KITCHEN SCALES'}),frozenset({'POSTAGE'}),0.04809286898839138,0.6351575456053068,0.024875621890547265,0.5172413793103449,0.8143513099846944,1.0,-0.005670926737236976,0.7557450841032931,-0.19321589205397297,0.037783375314861464,-0.3231974921630093,0.2782029350859818
171,frozenset({'RED RETROSPOT BOWL'}),frozenset({'POSTAGE'}),0.029850746268656716,0.6351575456053068,0.02155887230514096,0.7222222222222222,1.1370757180156659,1.0,0.0025989455706541924,1.3134328358208955,0.12426035502958584,0.03350515463917526,0.23863636363636362,0.3780823904844792
172,frozenset({'RED RETROSPOT CAKE STAND'}),frozenset({'POSTAGE'}),0.03150912106135987,0.6351575456053068,0.024875621890547265,0.7894736842105263,1.2429572626082177,1.0,0.00486236589303345,1.733001658374793,0.20182648401826478,0.03875968992248063,0.42296650717703355,0.41431908753607255
173,frozenset({'RED RETROSPOT CHARLOTTE BAG'}),frozenset({'POSTAGE'}),0.05306799336650083,0.6351575456053068,0.04975124378109453,0.9375,1.4760117493472584,1.0,0.01604470736422916,5.837479270315091,0.34057209573847047,0.07792207792207793,0.8286931818181819,0.5079144908616188
174,frozenset({'RED RETROSPOT CHILDRENS UMBRELLA'}),frozenset({'POSTAGE'}),0.03316749585406302,0.6351575456053068,0.026533996683250415,0.7999999999999999,1.2595300261096605,1.0,0.00546741142270956,1.8242122719734655,0.2131217838765009,0.041343669250646,0.4518181818181816,0.42088772845953
175,frozenset({'RED RETROSPOT CUP'}),frozenset({'POSTAGE'}),0.05638474295190713,0.6351575456053068,0.03980099502487562,0.7058823529411764,1.1113500230379356,1.0,0.003987800081956164,1.2404643449419566,0.10618043350908016,0.06106870229007634,0.19385026737967898,0.38427276915988323
176,frozenset({'RED RETROSPOT MINI CASES'}),frozenset({'POSTAGE'}),0.04975124378109453,0.6351575456053068,0.04145936981757877,0.8333333333333333,1.3120104438642297,1.0,0.009859491926767487,2.189054726368158,0.250261780104712,0.06443298969072166,0.543181818181818,0.4493037423846823
177,frozenset({'RED RETROSPOT OVEN GLOVE '}),frozenset({'POSTAGE'}),0.03316749585406302,0.6351575456053068,0.028192371475953566,0.85,1.3382506527415143,1.0,0.0071257862154127105,2.4322830292979543,0.2614266976087176,0.044041450777202076,0.5888636363636363,0.44719321148825064
178,frozenset({'RED RETROSPOT PLATE '}),frozenset({'POSTAGE'}),0.03482587064676617,0.6351575456053068,0.024875621890547265,0.7142857142857143,1.124580380455054,1.0,0.0027557073669793666,1.2769485903814264,0.11477663230240555,0.03856041131105399,0.21688311688311693,0.37672510257366654
179,frozenset({'RED RETROSPOT UMBRELLA'}),frozenset({'POSTAGE'}),0.024875621890547265,0.6351575456053068,0.02321724709784411,0.9333333333333332,1.4694516971279372,1.0,0.007417308152438469,5.47263681592039,0.3276239067055393,0.03645833333333333,0.817272727272727,0.48494342906875537
180,frozenset({'RED SPOT CERAMIC DRAWER KNOB'}),frozenset({'POSTAGE'}),0.024875621890547265,0.6351575456053068,0.02321724709784411,0.9333333333333332,1.4694516971279372,1.0,0.007417308152438469,5.47263681592039,0.3276239067055393,0.03645833333333333,0.817272727272727,0.48494342906875537
181,frozenset({'RED STRIPE CERAMIC DRAWER KNOB'}),frozenset({'POSTAGE'}),0.03814262023217247,0.6351575456053068,0.028192371475953566,0.7391304347826086,1.1636962197752299,1.0,0.003965798426331581,1.3985627418463238,0.14624746450304257,0.04370179948586118,0.28498023715415005,0.391758428879555
182,frozenset({'RED TOADSTOOL LED NIGHT LIGHT'}),frozenset({'POSTAGE'}),0.0779436152570481,0.6351575456053068,0.06135986733001658,0.7872340425531914,1.2394311427142934,1.0,0.011853391967745569,1.7147595356550573,0.20950806922029938,0.09414758269720101,0.4168278529980655,0.4419198933392589
183,frozenset({'REGENCY CAKESTAND 3 TIER'}),frozenset({'POSTAGE'}),0.13432835820895522,0.6351575456053068,0.0912106135986733,0.6790123456790124,1.0690455468523354,1.0,0.005890943293482831,1.1366245694603905,0.07460815047021938,0.13447432762836187,0.12020202020202027,0.41130773941914067
184,frozenset({'RETROSPOT PARTY BAG + STICKER SET'}),frozenset({'POSTAGE'}),0.05306799336650083,0.6351575456053068,0.03814262023217247,0.71875,1.1316090078328982,1.0,0.0044360838153071,1.297217615625576,0.12282037615167893,0.05867346938775511,0.2291193181818182,0.3894011096605744
185,frozenset({'RETROSPOT TEA SET CERAMIC 11 PC '}),frozenset({'POSTAGE'}),0.04477611940298507,0.6351575456053068,0.04145936981757877,0.9259259259259259,1.4577893820713663,1.0,0.013019479715848617,4.925373134328359,0.32875000000000004,0.06493506493506493,0.796969696969697,0.4956000386809786
186,frozenset({'ROBOT BIRTHDAY CARD'}),frozenset({'POSTAGE'}),0.024875621890547265,0.6351575456053068,0.024875621890547265,1.0,1.5744125326370757,1.0,0.009075682945141623,inf,0.3741496598639456,0.0391644908616188,1.0,0.5195822454308094
187,frozenset({'ROUND SNACK BOXES SET OF 4 FRUITS '}),frozenset({'POSTAGE'}),0.12935323383084577,0.6351575456053068,0.11442786069651742,0.8846153846153847,1.3927495481020287,1.0,0.032268178180408086,3.161967938087343,0.3238923395445135,0.17602040816326534,0.6837412587412589,0.5323860212894156
188,frozenset({'POSTAGE'}),frozenset({'ROUND SNACK BOXES SET OF4 WOODLAND '}),0.6351575456053068,0.19734660033167495,0.17081260364842454,0.2689295039164491,1.3627268139631834,1.0,0.04546642134820647,1.0979151859748875,0.7295675198587823,0.2581453634085213,0.08918283235871655,0.567237861201922
189,frozenset({'ROUND SNACK BOXES SET OF4 WOODLAND '}),frozenset({'POSTAGE'}),0.19734660033167495,0.6351575456053068,0.17081260364842454,0.865546218487395,1.3627268139631832,1.0,0.04546642134820647,2.7135157545605315,0.33162159993581014,0.2581453634085213,0.6314744079449963,0.567237861201922
190,frozenset({'SAVE THE PLANET COTTON TOTE BAG'}),frozenset({'POSTAGE'}),0.029850746268656716,0.6351575456053068,0.02321724709784411,0.7777777777777778,1.2245430809399478,1.0,0.004257320363357343,1.6417910447761195,0.189010989010989,0.03617571059431524,0.39090909090909093,0.40716565129097765
191,frozenset({'SCANDINAVIAN REDS RIBBONS'}),frozenset({'POSTAGE'}),0.03648424543946932,0.6351575456053068,0.028192371475953566,0.7727272727272727,1.2165915024922858,1.0,0.005019127689358624,1.6053067993366499,0.18477270426242787,0.043814432989690726,0.3770661157024793,0.408556847851887
192,frozenset({'SET 2 PANTRY DESIGN TEA TOWELS'}),frozenset({'POSTAGE'}),0.03814262023217247,0.6351575456053068,0.024875621890547265,0.6521739130434783,1.0267907821546147,1.0,0.0006490488409252801,1.048922056384743,0.027126436781609215,0.03836317135549872,0.04664031620553363,0.3456692019525485
193,frozenset({'SET OF 12 FAIRY CAKE BAKING CASES'}),frozenset({'POSTAGE'}),0.03150912106135987,0.6351575456053068,0.02155887230514096,0.6842105263157894,1.0772296275937885,1.0,0.0015456163076271456,1.155334438916528,0.07402528977871427,0.03341902313624679,0.13444976076554999,0.3590765425312628
194,frozenset({'SET OF 12 MINI LOAF BAKING CASES'}),frozenset({'POSTAGE'}),0.03150912106135987,0.6351575456053068,0.02321724709784411,0.7368421052631577,1.160093445101003,1.0,0.003203991100330296,1.3864013266998334,0.1424902152641877,0.03608247422680412,0.27870813397129146,0.3866978150336676
195,frozenset({'SET OF 2 TEA TOWELS APPLE AND PEARS'}),frozenset({'POSTAGE'}),0.03648424543946932,0.6351575456053068,0.03316749585406302,0.9090909090909092,1.43128412057916,1.0,0.009994252067468078,4.013266998341629,0.3127366609294321,0.05194805194805195,0.7508264462809919,0.48065511511986714
196,frozenset({'SET OF 3 CAKE TINS PANTRY DESIGN '}),frozenset({'POSTAGE'}),0.05306799336650083,0.6351575456053068,0.03980099502487562,0.75,1.1808093994778068,1.0,0.00609445860801025,1.4593698175787728,0.1617046117921774,0.061381074168797956,0.31477272727272726,0.40633159268929503
197,frozenset({'SET OF 3 REGENCY CAKE TINS'}),frozenset({'POSTAGE'}),0.06633499170812604,0.6351575456053068,0.04145936981757877,0.625,0.9840078328981723,1.0,-0.0006738007035029386,0.9729132117191819,-0.017108938547486033,0.06281407035175879,-0.02784090909090908,0.34513707571801566
198,frozenset({'SET OF 4 KNICK KNACK TINS DOILY '}),frozenset({'POSTAGE'}),0.03648424543946932,0.6351575456053068,0.029850746268656716,0.8181818181818181,1.2881557085212436,1.0,0.006677502482061774,2.006633499170812,0.2321667622872442,0.046511627906976744,0.5016528925619833,0.43258960360788035
199,frozenset({'SET OF 4 PANTRY JELLY MOULDS'}),frozenset({'POSTAGE'}),0.03316749585406302,0.6351575456053068,0.028192371475953566,0.85,1.3382506527415143,1.0,0.0071257862154127105,2.4322830292979543,0.2614266976087176,0.044041450777202076,0.5888636363636363,0.44719321148825064
200,frozenset({'SET OF 6 RIBBONS VINTAGE CHRISTMAS'}),frozenset({'POSTAGE'}),0.026533996683250415,0.6351575456053068,0.024875621890547265,0.9375,1.4760117493472584,1.0,0.00802235368211458,5.837479270315091,0.3312890403180011,0.0390625,0.8286931818181819,0.4883322454308094
201,frozenset({'SET OF 6 SNACK LOAF BAKING CASES'}),frozenset({'POSTAGE'}),0.028192371475953566,0.6351575456053068,0.02155887230514096,0.7647058823529411,1.2039625249577637,1.0,0.003652274833681232,1.5505804311774458,0.17432396954581245,0.03359173126614987,0.35508021390374317,0.3993242205498387
202,frozenset({'SET OF 60 PANTRY DESIGN CAKE CASES '}),frozenset({'POSTAGE'}),0.04477611940298507,0.6351575456053068,0.029850746268656716,0.6666666666666667,1.049608355091384,1.0,0.0014108561669265614,1.09452736318408,0.04947916666666668,0.04591836734693877,0.08636363636363657,0.35683202785030466
203,frozenset({'SET OF 72 RETROSPOT PAPER  DOILIES'}),frozenset({'POSTAGE'}),0.03482587064676617,0.6351575456053068,0.02155887230514096,0.619047619047619,0.9746363297277134,1.0,-0.0005610422184269374,0.9577114427860695,-0.026254826254826294,0.03324808184143223,-0.044155844155844386,0.3264950888971776
204,frozenset({'SET/10 RED POLKADOT PARTY CANDLES'}),frozenset({'POSTAGE'}),0.03814262023217247,0.6351575456053068,0.024875621890547265,0.6521739130434783,1.0267907821546147,1.0,0.0006490488409252801,1.048922056384743,0.027126436781609215,0.03836317135549872,0.04664031620553363,0.3456692019525485
205,frozenset({'SET/20 RED RETROSPOT PAPER NAPKINS '}),frozenset({'POSTAGE'}),0.04477611940298507,0.6351575456053068,0.03150912106135987,0.7037037037037038,1.1079199303742386,1.0,0.003069230959629715,1.23134328358209,0.10197368421052641,0.04859335038363172,0.18787878787878823,0.37665602939754383
206,frozenset({'SET/6 RED SPOTTY PAPER CUPS'}),frozenset({'POSTAGE'}),0.03980099502487562,0.6351575456053068,0.02321724709784411,0.5833333333333333,0.9184073107049607,1.0,-0.0020626552148049135,0.8756218905472636,-0.08468834688346881,0.035623409669211195,-0.14204545454545472,0.3099434290687554
207,frozenset({'SET/6 RED SPOTTY PAPER PLATES'}),frozenset({'POSTAGE'}),0.04311774461028192,0.6351575456053068,0.028192371475953566,0.6538461538461539,1.0294235790319342,1.0,0.0008058106372504543,1.0539893126957804,0.029870527066979354,0.04336734693877551,0.05122377622377626,0.3491162884113276
208,frozenset({'SKULL LUNCH BOX WITH CUTLERY '}),frozenset({'POSTAGE'}),0.04311774461028192,0.6351575456053068,0.03648424543946932,0.8461538461538463,1.3321952199236797,1.0,0.00909768460076621,2.371475953565507,0.26059555695604225,0.05684754521963824,0.5783216783216786,0.4517975497087769
209,frozenset({'SPACEBOY BIRTHDAY CARD'}),frozenset({'POSTAGE'}),0.03648424543946932,0.6351575456053068,0.03316749585406302,0.9090909090909092,1.43128412057916,1.0,0.009994252067468078,4.013266998341629,0.3127366609294321,0.05194805194805195,0.7508264462809919,0.48065511511986714
210,frozenset({'SPACEBOY CHILDRENS BOWL'}),frozenset({'POSTAGE'}),0.03316749585406302,0.6351575456053068,0.029850746268656716,0.8999999999999999,1.416971279373368,1.0,0.00878416100811586,3.6484245439469287,0.3043643987040214,0.046753246753246755,0.7259090909090906,0.47349869451697124
211,frozenset({'SPACEBOY CHILDRENS CUP'}),frozenset({'POSTAGE'}),0.03482587064676617,0.6351575456053068,0.03150912106135987,0.9047619047619048,1.4244684819097353,1.0,0.009389206537791971,3.8308457711442787,0.3087357569180684,0.04935064935064935,0.7389610389610389,0.4771851299266443
212,frozenset({'SPACEBOY LUNCH BOX '}),frozenset({'POSTAGE'}),0.07960199004975124,0.6351575456053068,0.06965174129353234,0.875,1.3776109660574412,1.0,0.01909193666823429,2.9187396351575456,0.2978120978120979,0.10796915167095117,0.6573863636363636,0.4923302872062663
213,frozenset({'SPACEBOY MINI BACKPACK'}),frozenset({'POSTAGE'}),0.024875621890547265,0.6351575456053068,0.02321724709784411,0.9333333333333332,1.4694516971279372,1.0,0.007417308152438469,5.47263681592039,0.3276239067055393,0.03645833333333333,0.817272727272727,0.48494342906875537
214,frozenset({'SPOTTY BUNTING'}),frozenset({'POSTAGE'}),0.029850746268656716,0.6351575456053068,0.024875621890547265,0.8333333333333334,1.31201044386423,1.0,0.0059156951560604965,2.18905472636816,0.2451282051282052,0.03886010362694301,0.5431818181818183,0.43624891209747607
215,frozenset({'STRAWBERRY CERAMIC TRINKET BOX'}),frozenset({'POSTAGE'}),0.04975124378109453,0.6351575456053068,0.03482587064676617,0.7,1.102088772845953,1.0,0.003225992755954886,1.2161415146489771,0.09748192470705559,0.05357142857142857,0.17772727272727262,0.37741514360313316
216,frozenset({'STRAWBERRY LUNCH BOX WITH CUTLERY'}),frozenset({'POSTAGE'}),0.06301824212271974,0.6351575456053068,0.05140961857379768,0.8157894736842105,1.284389171361825,1.0,0.01138310657877005,1.9805733238569059,0.2363117328004567,0.07948717948717948,0.49509569377990426,0.44836471073244466
217,frozenset({'WHITE SPOT BLUE CERAMIC DRAWER KNOB'}),frozenset({'POSTAGE'}),0.028192371475953566,0.6351575456053068,0.026533996683250415,0.9411764705882353,1.4818000307172476,1.0,0.008627399211790687,6.202321724709783,0.33457764505119447,0.04166666666666667,0.8387700534759358,0.49147596375364766
218,frozenset({'WHITE SPOT RED CERAMIC DRAWER KNOB'}),frozenset({'POSTAGE'}),0.04145936981757877,0.6351575456053068,0.03316749585406302,0.8,1.2595300261096607,1.0,0.006834264278386952,1.8242122719734664,0.21496539792387553,0.05154639175257732,0.45181818181818195,0.4261096605744126
219,frozenset({'WOODLAND  HEIGHT CHART STICKERS '}),frozenset({'POSTAGE'}),0.028192371475953566,0.6351575456053068,0.024875621890547265,0.8823529411764707,1.3891875287974198,1.0,0.006969024419087536,3.1011608623548943,0.28828213879408415,0.03896103896103897,0.677540106951872,0.4607587160190447
220,frozenset({'WOODLAND  STICKERS'}),frozenset({'POSTAGE'}),0.028192371475953566,0.6351575456053068,0.024875621890547265,0.8823529411764707,1.3891875287974198,1.0,0.006969024419087536,3.1011608623548943,0.28828213879408415,0.03896103896103897,0.677540106951872,0.4607587160190447
221,frozenset({'WOODLAND CHARLOTTE BAG'}),frozenset({'POSTAGE'}),0.0978441127694859,0.6351575456053068,0.087893864013267,0.8983050847457628,1.4143027835553392,1.0,0.025747437494671475,3.587617468214485,0.3247086570477247,0.13624678663239076,0.7212634822804316,0.5183431428950745
222,frozenset({'WOODLAND DESIGN  COTTON TOTE BAG'}),frozenset({'POSTAGE'}),0.03482587064676617,0.6351575456053068,0.029850746268656716,0.8571428571428571,1.3494964565460648,1.0,0.0077308317450888175,2.5538971807628514,0.2683276059564719,0.046632124352331605,0.6084415584415583,0.45207012308839983
223,frozenset({'WOODLAND MINI BACKPACK'}),frozenset({'POSTAGE'}),0.03316749585406302,0.6351575456053068,0.03316749585406302,1.0,1.5744125326370757,1.0,0.012100910593522165,inf,0.37735849056603776,0.05221932114882507,1.0,0.5261096605744126
224,frozenset({'WOODLAND PARTY BAG + STICKER SET'}),frozenset({'POSTAGE'}),0.05472636815920398,0.6351575456053068,0.04643449419568822,0.8484848484848484,1.3358651792072156,1.0,0.011674628515795808,2.407960199004974,0.2659774436090224,0.07216494845360824,0.5847107438016527,0.46079594904660176
225,frozenset({'WRAP RED APPLES '}),frozenset({'POSTAGE'}),0.03316749585406302,0.6351575456053068,0.026533996683250415,0.7999999999999999,1.2595300261096605,1.0,0.00546741142270956,1.8242122719734655,0.2131217838765009,0.041343669250646,0.4518181818181816,0.42088772845953
226,frozenset({'RED  HARMONICA IN BOX '}),frozenset({'ROUND SNACK BOXES SET OF4 WOODLAND '}),0.03482587064676617,0.19734660033167495,0.02155887230514096,0.619047619047619,3.1368547418967583,1.0,0.014686105129410987,2.106965174129353,0.7057890563045202,0.10236220472440945,0.5253837072018889,0.36414565826330525
227,frozenset({'RED RETROSPOT CHARLOTTE BAG'}),frozenset({'ROUND SNACK BOXES SET OF4 WOODLAND '}),0.05306799336650083,0.19734660033167495,0.02321724709784411,0.43749999999999994,2.2169117647058822,1.0,0.012744459020541294,1.4269393771881334,0.5796847635726794,0.10218978102189782,0.2991993801652892,0.27757352941176466
228,frozenset({'WOODLAND CHARLOTTE BAG'}),frozenset({'RED RETROSPOT CHARLOTTE BAG'}),0.0978441127694859,0.05306799336650083,0.04477611940298507,0.4576271186440678,8.623411016949152,1.0,0.03958372867558284,1.7459058872305142,0.979915577342048,0.4218749999999999,0.4272314405295497,0.6506885593220338
229,frozenset({'RED RETROSPOT CHARLOTTE BAG'}),frozenset({'WOODLAND CHARLOTTE BAG'}),0.05306799336650083,0.0978441127694859,0.04477611940298507,0.8437499999999999,8.623411016949152,1.0,0.03958372867558284,5.773797678275286,0.9335798144904977,0.4218749999999999,0.8268037683823528,0.6506885593220338
230,frozenset({'RED RETROSPOT CUP'}),frozenset({'RED RETROSPOT PLATE '}),0.05638474295190713,0.03482587064676617,0.02321724709784411,0.4117647058823529,11.823529411764705,1.0,0.021253599333349832,1.6407960199004976,0.9701230228471001,0.3414634146341463,0.39053972104305634,0.5392156862745098
231,frozenset({'RED RETROSPOT PLATE '}),frozenset({'RED RETROSPOT CUP'}),0.03482587064676617,0.05638474295190713,0.02321724709784411,0.6666666666666666,11.823529411764705,1.0,0.021253599333349832,2.8308457711442783,0.9484536082474226,0.3414634146341463,0.6467486818980668,0.5392156862745098
232,frozenset({'RED RETROSPOT CUP'}),frozenset({'ROUND SNACK BOXES SET OF4 WOODLAND '}),0.05638474295190713,0.19734660033167495,0.028192371475953566,0.5,2.5336134453781516,1.0,0.017065034143819324,1.60530679933665,0.6414762741652021,0.125,0.37706611570247933,0.32142857142857145
233,frozenset({'RED RETROSPOT MINI CASES'}),frozenset({'ROUND SNACK BOXES SET OF4 WOODLAND '}),0.04975124378109453,0.19734660033167495,0.028192371475953566,0.5666666666666667,2.8714285714285714,1.0,0.018374132653482173,1.8522770761576732,0.6858638743455496,0.1287878787878788,0.46012396694214874,0.3547619047619048
234,frozenset({'WOODLAND CHARLOTTE BAG'}),frozenset({'RED RETROSPOT MINI CASES'}),0.0978441127694859,0.04975124378109453,0.02155887230514096,0.22033898305084745,4.428813559322034,1.0,0.016691005998201364,1.218797317759031,0.8581730769230769,0.17105263157894737,0.1795190345194782,0.3268361581920904
235,frozenset({'RED RETROSPOT MINI CASES'}),frozenset({'WOODLAND CHARLOTTE BAG'}),0.04975124378109453,0.0978441127694859,0.02155887230514096,0.4333333333333333,4.428813559322034,1.0,0.016691005998201364,1.592039800995025,0.8147402335884011,0.17105263157894737,0.37187499999999996,0.3268361581920904
236,frozenset({'RED STRIPE CERAMIC DRAWER KNOB'}),frozenset({'ROUND SNACK BOXES SET OF4 WOODLAND '}),0.03814262023217247,0.19734660033167495,0.02155887230514096,0.5652173913043478,2.864084764340519,1.0,0.014031555874579563,1.8461028192371474,0.6766578249336871,0.10077519379844962,0.45831836148041677,0.33723054439166966
237,frozenset({'RED STRIPE CERAMIC DRAWER KNOB'}),frozenset({'WHITE SPOT RED CERAMIC DRAWER KNOB'}),0.03814262023217247,0.04145936981757877,0.026533996683250415,0.6956521739130435,16.77913043478261,1.0,0.024952627685233316,3.1494906420279554,0.9776939655172415,0.5000000000000001,0.682488340604784,0.6678260869565218
238,frozenset({'WHITE SPOT RED CERAMIC DRAWER KNOB'}),frozenset({'RED STRIPE CERAMIC DRAWER KNOB'}),0.04145936981757877,0.03814262023217247,0.026533996683250415,0.64,16.77913043478261,1.0,0.024952627685233316,2.671826054910632,0.9810769896193773,0.5000000000000001,0.6257241379310344,0.6678260869565218
239,frozenset({'RED TOADSTOOL LED NIGHT LIGHT'}),frozenset({'REGENCY CAKESTAND 3 TIER'}),0.0779436152570481,0.13432835820895522,0.02155887230514096,0.276595744680851,2.0591016548463354,1.0,0.011088834434791216,1.1966637401229148,0.557830658550083,0.11304347826086955,0.16434336023477616,0.21854478592067242
240,frozenset({'RED TOADSTOOL LED NIGHT LIGHT'}),frozenset({'ROUND SNACK BOXES SET OF4 WOODLAND '}),0.0779436152570481,0.19734660033167495,0.03648424543946932,0.4680851063829787,2.3718934382263543,1.0,0.021102337950930805,1.508988391376451,0.6272890778286461,0.1527777777777778,0.33730437840689287,0.32647952798140534
241,frozenset({'RED TOADSTOOL LED NIGHT LIGHT'}),frozenset({'STRAWBERRY LUNCH BOX WITH CUTLERY'}),0.0779436152570481,0.06301824212271974,0.02155887230514096,0.276595744680851,4.389137737961925,1.0,0.01664700268695219,1.2952394888303578,0.837437742114001,0.1805555555555555,0.22794200715496138,0.30935050391937285
242,frozenset({'STRAWBERRY LUNCH BOX WITH CUTLERY'}),frozenset({'RED TOADSTOOL LED NIGHT LIGHT'}),0.06301824212271974,0.0779436152570481,0.02155887230514096,0.3421052631578947,4.389137737961925,1.0,0.01664700268695219,1.4015257048092868,0.8240980258679373,0.1805555555555555,0.2864918591442635,0.30935050391937285
243,frozenset({'WOODLAND CHARLOTTE BAG'}),frozenset({'RED TOADSTOOL LED NIGHT LIGHT'}),0.0978441127694859,0.0779436152570481,0.028192371475953566,0.288135593220339,3.696718355571583,1.0,0.02056604759508153,1.2952696833293849,0.8086072664359861,0.19101123595505617,0.22796000487745396,0.3249188604399567
244,frozenset({'RED TOADSTOOL LED NIGHT LIGHT'}),frozenset({'WOODLAND CHARLOTTE BAG'}),0.0779436152570481,0.0978441127694859,0.028192371475953566,0.36170212765957444,3.696718355571583,1.0,0.02056604759508153,1.4133775566611386,0.7911553110452814,0.19101123595505617,0.29247496871088857,0.3249188604399567
245,frozenset({'REGENCY CAKESTAND 3 TIER'}),frozenset({'ROUND SNACK BOXES SET OF4 WOODLAND '}),0.13432835820895522,0.19734660033167495,0.03316749585406302,0.2469135802469136,1.251167133520075,1.0,0.006658251033390267,1.065818448739907,0.23189655172413803,0.11111111111111113,0.061753902662993604,0.20749040356883497
246,frozenset({'SET OF 3 REGENCY CAKE TINS'}),frozenset({'REGENCY CAKESTAND 3 TIER'}),0.06633499170812604,0.13432835820895522,0.02321724709784411,0.35,2.6055555555555556,1.0,0.014306576569886882,1.3318025258323767,0.6599847754377061,0.1308411214953271,0.24913793103448273,0.26141975308641974
247,frozenset({'SPACEBOY LUNCH BOX '}),frozenset({'REGENCY CAKESTAND 3 TIER'}),0.07960199004975124,0.13432835820895522,0.02155887230514096,0.2708333333333333,2.0162037037037037,1.0,0.010866067671592287,1.1872068230277184,0.5476091476091476,0.11206896551724137,0.15768678160919536,0.21566358024691357
248,frozenset({'RETROSPOT PARTY BAG + STICKER SET'}),frozenset({'WOODLAND PARTY BAG + STICKER SET'}),0.05306799336650083,0.05472636815920398,0.024875621890547265,0.46875,8.565340909090908,1.0,0.021971403348101947,1.7793386011120866,0.9327495621716287,0.3,0.4379934210526316,0.4616477272727273
249,frozenset({'WOODLAND PARTY BAG + STICKER SET'}),frozenset({'RETROSPOT PARTY BAG + STICKER SET'}),0.05472636815920398,0.05306799336650083,0.024875621890547265,0.4545454545454546,8.56534090909091,1.0,0.021971403348101947,1.7360420121614153,0.9343859649122808,0.3,0.42397707371437676,0.4616477272727273
250,frozenset({'RETROSPOT TEA SET CERAMIC 11 PC '}),frozenset({'ROUND SNACK BOXES SET OF4 WOODLAND '}),0.04477611940298507,0.19734660033167495,0.02155887230514096,0.4814814814814815,2.439775910364146,1.0,0.01272245736491671,1.5479744136460556,0.6177884615384616,0.09774436090225563,0.35399449035812675,0.2953625894802365
251,frozenset({'ROUND SNACK BOXES SET OF4 WOODLAND '}),frozenset({'ROUND SNACK BOXES SET OF 4 FRUITS '}),0.19734660033167495,0.12935323383084577,0.10281923714759536,0.5210084033613446,4.027795733678087,1.0,0.07729181620916975,1.81766605568648,0.9365502532657958,0.45925925925925937,0.44984393757503005,0.6579400991165698
252,frozenset({'ROUND SNACK BOXES SET OF 4 FRUITS '}),frozenset({'ROUND SNACK BOXES SET OF4 WOODLAND '}),0.12935323383084577,0.19734660033167495,0.10281923714759536,0.7948717948717949,4.027795733678087,1.0,0.07729181620916975,3.9129353233830857,0.8634101382488479,0.45925925925925937,0.7444373808010173,0.6579400991165698
253,frozenset({'SPACEBOY LUNCH BOX '}),frozenset({'ROUND SNACK BOXES SET OF 4 FRUITS '}),0.07960199004975124,0.12935323383084577,0.03150912106135987,0.39583333333333337,3.060096153846154,1.0,0.02121234622905374,1.441070509521359,0.7314366998577526,0.17757009345794394,0.30607142857142866,0.3197115384615385
254,frozenset({'ROUND SNACK BOXES SET OF 4 FRUITS '}),frozenset({'SPACEBOY LUNCH BOX '}),0.12935323383084577,0.07960199004975124,0.03150912106135987,0.2435897435897436,3.060096153846154,1.0,0.02121234622905374,1.2167973690867697,0.773233082706767,0.17757009345794394,0.17817047817047818,0.3197115384615385
255,frozenset({'STRAWBERRY LUNCH BOX WITH CUTLERY'}),frozenset({'ROUND SNACK BOXES SET OF 4 FRUITS '}),0.06301824212271974,0.12935323383084577,0.02321724709784411,0.36842105263157887,2.8481781376518214,1.0,0.01506563368893509,1.378524046434494,0.6925410872313527,0.1372549019607843,0.27458646616541343,0.2739541160593792
256,frozenset({'WOODLAND CHARLOTTE BAG'}),frozenset({'ROUND SNACK BOXES SET OF 4 FRUITS '}),0.0978441127694859,0.12935323383084577,0.03648424543946932,0.3728813559322034,2.882659713168188,1.0,0.02382779304142637,1.3883286271345974,0.7239304812834225,0.19130434782608696,0.2797094430992736,0.3274663189917427
257,frozenset({'ROUND SNACK BOXES SET OF 4 FRUITS '}),frozenset({'WOODLAND CHARLOTTE BAG'}),0.12935323383084577,0.0978441127694859,0.03648424543946932,0.28205128205128205,2.882659713168188,1.0,0.02382779304142637,1.2565742714996446,0.7501298701298701,0.19130434782608696,0.20418552036199095,0.3274663189917427
258,frozenset({'SET OF 2 TEA TOWELS APPLE AND PEARS'}),frozenset({'ROUND SNACK BOXES SET OF4 WOODLAND '}),0.03648424543946932,0.19734660033167495,0.02321724709784411,0.6363636363636364,3.2245989304812834,1.0,0.016017205294698425,2.2072968490878937,0.7160068846815835,0.11023622047244094,0.5469571750563486,0.3770053475935829
259,frozenset({'SPACEBOY LUNCH BOX '}),frozenset({'ROUND SNACK BOXES SET OF4 WOODLAND '}),0.07960199004975124,0.19734660033167495,0.05472636815920398,0.6875,3.4837184873949583,1.0,0.03901718604324976,2.5684908789386403,0.7746109746109747,0.24626865671641796,0.6106663223140496,0.48240546218487396
260,frozenset({'ROUND SNACK BOXES SET OF4 WOODLAND '}),frozenset({'SPACEBOY LUNCH BOX '}),0.19734660033167495,0.07960199004975124,0.05472636815920398,0.2773109243697479,3.4837184873949583,1.0,0.03901718604324976,1.2735739905125536,0.8882419233658905,0.24626865671641796,0.2148080853963207,0.48240546218487396
261,frozenset({'STRAWBERRY LUNCH BOX WITH CUTLERY'}),frozenset({'ROUND SNACK BOXES SET OF4 WOODLAND '}),0.06301824212271974,0.19734660033167495,0.03482587064676617,0.5526315789473684,2.8003095975232197,1.0,0.022389434804969077,1.7941664227880205,0.6861356932153394,0.1544117647058824,0.44263810352327093,0.36455108359133126
262,frozenset({'WHITE SPOT RED CERAMIC DRAWER KNOB'}),frozenset({'ROUND SNACK BOXES SET OF4 WOODLAND '}),0.04145936981757877,0.19734660033167495,0.02155887230514096,0.52,2.6349579831932775,1.0,0.013377006619748135,1.6721945826423439,0.6473249933457546,0.09923664122137403,0.4019834710743802,0.31462184873949584
263,frozenset({'WOODLAND CHARLOTTE BAG'}),frozenset({'ROUND SNACK BOXES SET OF4 WOODLAND '}),0.0978441127694859,0.19734660033167495,0.04809286898839138,0.4915254237288136,2.4906708446090304,1.0,0.028783665970864312,1.5785516860143727,0.6634127789046653,0.1946308724832215,0.3665079142737078,0.3676114513602051
264,frozenset({'ROUND SNACK BOXES SET OF4 WOODLAND '}),frozenset({'WOODLAND CHARLOTTE BAG'}),0.19734660033167495,0.0978441127694859,0.04809286898839138,0.24369747899159666,2.4906708446090304,1.0,0.028783665970864312,1.192850562004791,0.7456540324878883,0.1946308724832215,0.16167202174987644,0.3676114513602051
265,frozenset({'WOODLAND PARTY BAG + STICKER SET'}),frozenset({'ROUND SNACK BOXES SET OF4 WOODLAND '}),0.05472636815920398,0.19734660033167495,0.028192371475953566,0.5151515151515151,2.6103896103896105,1.0,0.017392308771235036,1.6554726368159203,0.6526315789473685,0.12592592592592594,0.3959429000751315,0.329004329004329
266,frozenset({'SET OF 12 FAIRY CAKE BAKING CASES'}),frozenset({'SET OF 12 MINI LOAF BAKING CASES'}),0.03150912106135987,0.03150912106135987,0.02155887230514096,0.6842105263157894,21.714681440443208,1.0,0.02056604759508153,3.066887783305693,0.9849841938883034,0.5199999999999999,0.6739365537130496,0.6842105263157894
267,frozenset({'SET OF 12 MINI LOAF BAKING CASES'}),frozenset({'SET OF 12 FAIRY CAKE BAKING CASES'}),0.03150912106135987,0.03150912106135987,0.02155887230514096,0.6842105263157894,21.714681440443208,1.0,0.02056604759508153,3.066887783305693,0.9849841938883034,0.5199999999999999,0.6739365537130496,0.6842105263157894
268,frozenset({'SET/20 RED RETROSPOT PAPER NAPKINS '}),frozenset({'SET/6 RED SPOTTY PAPER PLATES'}),0.04477611940298507,0.04311774461028192,0.02155887230514096,0.4814814814814815,11.166666666666668,1.0,0.019628227024083563,1.8454157782515992,0.9531250000000001,0.325,0.45811669555170426,0.49074074074074076
269,frozenset({'SET/6 RED SPOTTY PAPER PLATES'}),frozenset({'SET/20 RED RETROSPOT PAPER NAPKINS '}),0.04311774461028192,0.04477611940298507,0.02155887230514096,0.5,11.166666666666668,1.0,0.019628227024083563,1.9104477611940298,0.9514731369150781,0.325,0.4765625,0.49074074074074076
270,frozenset({'SET/6 RED SPOTTY PAPER CUPS'}),frozenset({'SET/6 RED SPOTTY PAPER PLATES'}),0.03980099502487562,0.04311774461028192,0.03482587064676617,0.875,20.29326923076923,1.0,0.03310974150804848,7.655058043117744,0.99013076733284,0.7241379310344829,0.869367417677643,0.8413461538461539
271,frozenset({'SET/6 RED SPOTTY PAPER PLATES'}),frozenset({'SET/6 RED SPOTTY PAPER CUPS'}),0.04311774461028192,0.03980099502487562,0.03482587064676617,0.8076923076923077,20.29326923076923,1.0,0.03310974150804848,4.993034825870647,0.9935627630601636,0.7241379310344829,0.7997210043842168,0.8413461538461539
272,frozenset({'SKULL LUNCH BOX WITH CUTLERY '}),frozenset({'STRAWBERRY LUNCH BOX WITH CUTLERY'}),0.04311774461028192,0.06301824212271974,0.02321724709784411,0.5384615384615384,8.544534412955464,1.0,0.02050004262820777,2.0301271420674403,0.9227531567219608,0.2799999999999999,0.5074200136147039,0.45344129554655865
273,frozenset({'STRAWBERRY LUNCH BOX WITH CUTLERY'}),frozenset({'SKULL LUNCH BOX WITH CUTLERY '}),0.06301824212271974,0.04311774461028192,0.02321724709784411,0.36842105263157887,8.544534412955464,1.0,0.02050004262820777,1.5150635710337201,0.9423514538558787,0.2799999999999999,0.3399616893186171,0.45344129554655865
274,frozenset({'SPACEBOY CHILDRENS BOWL'}),frozenset({'SPACEBOY CHILDRENS CUP'}),0.03316749585406302,0.03482587064676617,0.028192371475953566,0.85,24.407142857142855,1.0,0.027037284555662813,6.434494195688225,0.9919281606296034,0.7083333333333334,0.8445876288659794,0.8297619047619047
275,frozenset({'SPACEBOY CHILDRENS CUP'}),frozenset({'SPACEBOY CHILDRENS BOWL'}),0.03482587064676617,0.03316749585406302,0.028192371475953566,0.8095238095238095,24.407142857142855,1.0,0.027037284555662813,5.07587064676617,0.9936325045482108,0.7083333333333334,0.8029894633668219,0.8297619047619047
276,frozenset({'WOODLAND CHARLOTTE BAG'}),frozenset({'SPACEBOY LUNCH BOX '}),0.0978441127694859,0.07960199004975124,0.024875621890547265,0.2542372881355932,3.1938559322033897,1.0,0.01708703579944391,1.2341700587969244,0.7613970588235295,0.16304347826086957,0.18973889143380668,0.2833686440677966
277,frozenset({'SPACEBOY LUNCH BOX '}),frozenset({'WOODLAND CHARLOTTE BAG'}),0.07960199004975124,0.0978441127694859,0.024875621890547265,0.3125,3.1938559322033897,1.0,0.01708703579944391,1.312226745062566,0.7463063063063065,0.16304347826086957,0.23793658088235295,0.2833686440677966
278,frozenset({'STRAWBERRY CERAMIC TRINKET BOX'}),frozenset({'SWEETHEART CERAMIC TRINKET BOX'}),0.04975124378109453,0.028192371475953566,0.02321724709784411,0.4666666666666666,16.552941176470586,1.0,0.02181464155177677,1.8221393034825868,0.9887808526551982,0.42424242424242414,0.4511945392491467,0.6450980392156862
279,frozenset({'SWEETHEART CERAMIC TRINKET BOX'}),frozenset({'STRAWBERRY CERAMIC TRINKET BOX'}),0.028192371475953566,0.04975124378109453,0.02321724709784411,0.8235294117647058,16.552941176470586,1.0,0.02181464155177677,5.38474295190713,0.9668454412481715,0.42424242424242414,0.8142901139513397,0.6450980392156862
280,frozenset({'WHITE SPOT BLUE CERAMIC DRAWER KNOB'}),frozenset({'WHITE SPOT RED CERAMIC DRAWER KNOB'}),0.028192371475953566,0.04145936981757877,0.02321724709784411,0.8235294117647058,19.863529411764706,1.0,0.022048409142787995,5.4317302377003855,0.977206240858118,0.49999999999999994,0.8158966008548748,0.6917647058823528
281,frozenset({'WHITE SPOT RED CERAMIC DRAWER KNOB'}),frozenset({'WHITE SPOT BLUE CERAMIC DRAWER KNOB'}),0.04145936981757877,0.028192371475953566,0.02321724709784411,0.5599999999999999,19.863529411764702,1.0,0.022048409142787995,2.2086537011910146,0.9907315867523482,0.49999999999999994,0.547235494880546,0.6917647058823528
282,"frozenset({'REGENCY CAKESTAND 3 TIER', 'POSTAGE'})",frozenset({'6 RIBBONS RUSTIC CHARM'}),0.0912106135986733,0.08291873963515754,0.026533996683250415,0.2909090909090909,3.508363636363636,1.0,0.018970927562299063,1.2933197261555471,0.7867244525547447,0.17977528089887643,0.22679598882130525,0.3054545454545454
283,"frozenset({'REGENCY CAKESTAND 3 TIER', '6 RIBBONS RUSTIC CHARM'})",frozenset({'POSTAGE'}),0.03316749585406302,0.6351575456053068,0.026533996683250415,0.7999999999999999,1.2595300261096605,1.0,0.00546741142270956,1.8242122719734655,0.2131217838765009,0.041343669250646,0.4518181818181816,0.42088772845953
284,"frozenset({'6 RIBBONS RUSTIC CHARM', 'POSTAGE'})",frozenset({'REGENCY CAKESTAND 3 TIER'}),0.06965174129353234,0.13432835820895522,0.026533996683250415,0.38095238095238093,2.835978835978836,1.0,0.017177792628895325,1.3983926521239955,0.6958556149732621,0.14953271028037382,0.2848932676518883,0.2892416225749559
285,frozenset({'6 RIBBONS RUSTIC CHARM'}),"frozenset({'REGENCY CAKESTAND 3 TIER', 'POSTAGE'})",0.08291873963515754,0.0912106135986733,0.026533996683250415,0.32,3.5083636363636366,1.0,0.018970927562299063,1.3364549800019512,0.7796112115732369,0.17977528089887643,0.2517518248175183,0.3054545454545454
286,"frozenset({'6 RIBBONS RUSTIC CHARM', 'POSTAGE'})",frozenset({'ROUND SNACK BOXES SET OF4 WOODLAND '}),0.06965174129353234,0.19734660033167495,0.02321724709784411,0.3333333333333333,1.6890756302521008,1.0,0.009471712746384165,1.2039800995024874,0.4385026737967914,0.09523809523809523,0.16942148760330578,0.22549019607843135
287,"frozenset({'6 RIBBONS RUSTIC CHARM', 'ROUND SNACK BOXES SET OF4 WOODLAND '})",frozenset({'POSTAGE'}),0.028192371475953566,0.6351575456053068,0.02321724709784411,0.8235294117647058,1.2965750268775917,1.0,0.0053106496263843825,2.067440574903261,0.23537298878595794,0.03626943005181347,0.5163101604278074,0.4300414682844417
288,frozenset({'6 RIBBONS RUSTIC CHARM'}),"frozenset({'POSTAGE', 'ROUND SNACK BOXES SET OF4 WOODLAND '})",0.08291873963515754,0.17081260364842454,0.02321724709784411,0.27999999999999997,1.6392233009708737,1.0,0.009053681289517035,1.1516491615994104,0.42521312322397303,0.10071942446043164,0.13167999999999996,0.20796116504854367
289,"frozenset({'SCANDINAVIAN REDS RIBBONS', '6 RIBBONS RUSTIC CHARM'})",frozenset({'POSTAGE'}),0.02321724709784411,0.6351575456053068,0.02155887230514096,0.9285714285714286,1.4619544945915703,1.0,0.006812262622762364,5.107794361525707,0.3234948413216665,0.033854166666666664,0.8042207792207793,0.4812569936590824
290,"frozenset({'SCANDINAVIAN REDS RIBBONS', 'POSTAGE'})",frozenset({'6 RIBBONS RUSTIC CHARM'}),0.028192371475953566,0.08291873963515754,0.02155887230514096,0.7647058823529411,9.22235294117647,1.0,0.019221196395028724,3.8975953565505796,0.9174323969545812,0.24074074074074076,0.7434315498351238,0.5123529411764706
291,"frozenset({'6 RIBBONS RUSTIC CHARM', 'POSTAGE'})",frozenset({'SCANDINAVIAN REDS RIBBONS'}),0.06965174129353234,0.03648424543946932,0.02155887230514096,0.3095238095238095,8.483766233766232,1.0,0.01901768108050131,1.3954366100531823,0.9481694775812423,0.2549019607843137,0.28337841160560606,0.4502164502164502
292,frozenset({'SCANDINAVIAN REDS RIBBONS'}),"frozenset({'6 RIBBONS RUSTIC CHARM', 'POSTAGE'})",0.03648424543946932,0.06965174129353234,0.02155887230514096,0.5909090909090908,8.483766233766232,1.0,0.01901768108050131,2.2741846323935873,0.9155302528796507,0.2549019607843137,0.5602819640252794,0.4502164502164502
293,frozenset({'6 RIBBONS RUSTIC CHARM'}),"frozenset({'SCANDINAVIAN REDS RIBBONS', 'POSTAGE'})",0.08291873963515754,0.028192371475953566,0.02155887230514096,0.26,9.22235294117647,1.0,0.019221196395028724,1.3132535520595223,0.972179719015162,0.24074074074074076,0.23853242320819112,0.5123529411764706
294,"frozenset({'BLUE HARMONICA IN BOX ', 'POSTAGE'})",frozenset({'RED  HARMONICA IN BOX '}),0.03648424543946932,0.03482587064676617,0.02155887230514096,0.5909090909090908,16.967532467532465,1.0,0.020288276692821135,2.3593145384190155,0.9766980007943865,0.43333333333333324,0.5761480787253983,0.604978354978355
295,"frozenset({'BLUE HARMONICA IN BOX ', 'RED  HARMONICA IN BOX '})",frozenset({'POSTAGE'}),0.02155887230514096,0.6351575456053068,0.02155887230514096,1.0,1.5744125326370757,1.0,0.007865591885789405,inf,0.3728813559322034,0.03394255874673629,1.0,0.5169712793733682
296,"frozenset({'POSTAGE', 'RED  HARMONICA IN BOX '})",frozenset({'BLUE HARMONICA IN BOX '}),0.03482587064676617,0.03648424543946932,0.02155887230514096,0.619047619047619,16.967532467532465,1.0,0.020288276692821135,2.529228855721392,0.9750198255352894,0.43333333333333324,0.6046225719203344,0.604978354978355
297,frozenset({'BLUE HARMONICA IN BOX '}),"frozenset({'POSTAGE', 'RED  HARMONICA IN BOX '})",0.03648424543946932,0.03482587064676617,0.02155887230514096,0.5909090909090908,16.967532467532465,1.0,0.020288276692821135,2.3593145384190155,0.9766980007943865,0.43333333333333324,0.5761480787253983,0.604978354978355
298,frozenset({'RED  HARMONICA IN BOX '}),"frozenset({'BLUE HARMONICA IN BOX ', 'POSTAGE'})",0.03482587064676617,0.03648424543946932,0.02155887230514096,0.619047619047619,16.967532467532465,1.0,0.020288276692821135,2.529228855721392,0.9750198255352894,0.43333333333333324,0.6046225719203344,0.604978354978355
299,"frozenset({'BLUE HARMONICA IN BOX ', 'POSTAGE'})",frozenset({'ROUND SNACK BOXES SET OF4 WOODLAND '}),0.03648424543946932,0.19734660033167495,0.024875621890547265,0.6818181818181819,3.4549274255156615,1.0,0.01767558008740158,2.5226249703861647,0.7374641422834195,0.11904761904761905,0.6035875281743052,0.40393430099312455
300,"frozenset({'BLUE HARMONICA IN BOX ', 'ROUND SNACK BOXES SET OF4 WOODLAND '})",frozenset({'POSTAGE'}),0.024875621890547265,0.6351575456053068,0.024875621890547265,1.0,1.5744125326370757,1.0,0.009075682945141623,inf,0.3741496598639456,0.0391644908616188,1.0,0.5195822454308094
301,frozenset({'BLUE HARMONICA IN BOX '}),"frozenset({'POSTAGE', 'ROUND SNACK BOXES SET OF4 WOODLAND '})",0.03648424543946932,0.17081260364842454,0.024875621890547265,0.6818181818181819,3.9916151809355696,1.0,0.01864365293488335,2.606017531390666,0.7778542742398165,0.13636363636363638,0.6162727272727273,0.4137246248896735
302,"frozenset({'RED RETROSPOT CUP', 'POSTAGE'})",frozenset({'BLUE POLKADOT CUP'}),0.03980099502487562,0.03648424543946932,0.02321724709784411,0.5833333333333333,15.988636363636362,1.0,0.021765137826621452,2.3124378109452732,0.9763138415988157,0.43749999999999994,0.5675559380378656,0.6098484848484849
303,"frozenset({'RED RETROSPOT CUP', 'BLUE POLKADOT CUP'})",frozenset({'POSTAGE'}),0.026533996683250415,0.6351575456053068,0.02321724709784411,0.8749999999999999,1.3776109660574412,1.0,0.006363978889411426,2.918739635157543,0.281577026040399,0.03636363636363636,0.6573863636363634,0.4557767624020887
304,"frozenset({'POSTAGE', 'BLUE POLKADOT CUP'})",frozenset({'RED RETROSPOT CUP'}),0.03316749585406302,0.05638474295190713,0.02321724709784411,0.7,12.41470588235294,1.0,0.021347106369754322,3.1453841901603092,0.9509924038225924,0.35,0.68207381370826,0.5558823529411765
305,frozenset({'RED RETROSPOT CUP'}),"frozenset({'POSTAGE', 'BLUE POLKADOT CUP'})",0.05638474295190713,0.03316749585406302,0.02321724709784411,0.4117647058823529,12.41470588235294,1.0,0.021347106369754322,1.6436152570480929,0.9743911624403715,0.35,0.39158510745636155,0.5558823529411765
306,frozenset({'BLUE POLKADOT CUP'}),"frozenset({'RED RETROSPOT CUP', 'POSTAGE'})",0.03648424543946932,0.03980099502487562,0.02321724709784411,0.6363636363636364,15.988636363636363,1.0,0.021765137826621452,2.640547263681592,0.9729530366363414,0.43749999999999994,0.6212906264719736,0.6098484848484849
307,"frozenset({'CHARLOTTE BAG APPLES DESIGN', 'POSTAGE'})",frozenset({'JUMBO BAG APPLES'}),0.04643449419568822,0.05140961857379768,0.02155887230514096,0.4642857142857143,9.03110599078341,1.0,0.019171692669873407,1.770702045328911,0.9325752508361204,0.2826086956521739,0.4352522477522478,0.44182027649769584
308,"frozenset({'CHARLOTTE BAG APPLES DESIGN', 'JUMBO BAG APPLES'})",frozenset({'POSTAGE'}),0.02321724709784411,0.6351575456053068,0.02155887230514096,0.9285714285714286,1.4619544945915703,1.0,0.006812262622762364,5.107794361525707,0.3234948413216665,0.033854166666666664,0.8042207792207793,0.4812569936590824
309,"frozenset({'POSTAGE', 'JUMBO BAG APPLES'})",frozenset({'CHARLOTTE BAG APPLES DESIGN'}),0.03980099502487562,0.05140961857379768,0.02155887230514096,0.5416666666666666,10.536290322580644,1.0,0.019512718332054486,2.0696517412935322,0.9426066161817457,0.3095238095238095,0.516826923076923,0.480510752688172
310,frozenset({'CHARLOTTE BAG APPLES DESIGN'}),"frozenset({'POSTAGE', 'JUMBO BAG APPLES'})",0.05140961857379768,0.03980099502487562,0.02155887230514096,0.4193548387096774,10.536290322580644,1.0,0.019512718332054486,1.653676064123825,0.9541420118343196,0.3095238095238095,0.3952866454955708,0.480510752688172
311,frozenset({'JUMBO BAG APPLES'}),"frozenset({'CHARLOTTE BAG APPLES DESIGN', 'POSTAGE'})",0.05140961857379768,0.04643449419568822,0.02155887230514096,0.4193548387096774,9.03110599078341,1.0,0.019171692669873407,1.642251704440759,0.9374663797740721,0.2826086956521739,0.3910799438990182,0.44182027649769584
312,"frozenset({'CHARLOTTE BAG APPLES DESIGN', 'POSTAGE'})",frozenset({'ROUND SNACK BOXES SET OF 4 FRUITS '}),0.04643449419568822,0.12935323383084577,0.02321724709784411,0.5,3.8653846153846154,1.0,0.0172107951123322,1.7412935323383085,0.777391304347826,0.15217391304347827,0.4257142857142857,0.33974358974358976
313,"frozenset({'CHARLOTTE BAG APPLES DESIGN', 'ROUND SNACK BOXES SET OF 4 FRUITS '})",frozenset({'POSTAGE'}),0.024875621890547265,0.6351575456053068,0.02321724709784411,0.9333333333333332,1.4694516971279372,1.0,0.007417308152438469,5.47263681592039,0.3276239067055393,0.03645833333333333,0.817272727272727,0.48494342906875537
314,"frozenset({'POSTAGE', 'ROUND SNACK BOXES SET OF 4 FRUITS '})",frozenset({'CHARLOTTE BAG APPLES DESIGN'}),0.11442786069651742,0.05140961857379768,0.02321724709784411,0.20289855072463767,3.9467040673211775,1.0,0.017334554425220496,1.190049751243781,0.8430979133226324,0.16279069767441856,0.15969899665551837,0.32725572697522204
315,frozenset({'CHARLOTTE BAG APPLES DESIGN'}),"frozenset({'POSTAGE', 'ROUND SNACK BOXES SET OF 4 FRUITS '})",0.05140961857379768,0.11442786069651742,0.02321724709784411,0.4516129032258064,3.9467040673211775,1.0,0.017334554425220496,1.6148668422592916,0.787087912087912,0.16279069767441856,0.3807538963392533,0.32725572697522204
316,"frozenset({'CHARLOTTE BAG APPLES DESIGN', 'POSTAGE'})",frozenset({'ROUND SNACK BOXES SET OF4 WOODLAND '}),0.04643449419568822,0.19734660033167495,0.028192371475953566,0.6071428571428572,3.0765306122448983,1.0,0.019028681908313604,2.0431177446102824,0.7078260869565218,0.13076923076923078,0.5105519480519481,0.37500000000000006
317,"frozenset({'CHARLOTTE BAG APPLES DESIGN', 'ROUND SNACK BOXES SET OF4 WOODLAND '})",frozenset({'POSTAGE'}),0.029850746268656716,0.6351575456053068,0.028192371475953566,0.9444444444444444,1.4869451697127938,1.0,0.009232444741466797,6.567164179104474,0.33755656108597293,0.044270833333333336,0.8477272727272727,0.49441543371047286
318,frozenset({'CHARLOTTE BAG APPLES DESIGN'}),"frozenset({'POSTAGE', 'ROUND SNACK BOXES SET OF4 WOODLAND '})",0.05140961857379768,0.17081260364842454,0.028192371475953566,0.5483870967741935,3.2104603820858126,1.0,0.019410960674790777,1.8360578062070598,0.7258329905388728,0.1452991452991453,0.45535483870967736,0.35671782023175697
319,"frozenset({'WOODLAND CHARLOTTE BAG', 'POSTAGE'})",frozenset({'CHARLOTTE BAG APPLES DESIGN'}),0.087893864013267,0.05140961857379768,0.02321724709784411,0.2641509433962264,5.138161898965307,1.0,0.018698657073944813,1.2891100055279159,0.8829870129870131,0.19999999999999998,0.22427101200686106,0.3578819233110164
320,"frozenset({'WOODLAND CHARLOTTE BAG', 'CHARLOTTE BAG APPLES DESIGN'})",frozenset({'POSTAGE'}),0.024875621890547265,0.6351575456053068,0.02321724709784411,0.9333333333333332,1.4694516971279372,1.0,0.007417308152438469,5.47263681592039,0.3276239067055393,0.03645833333333333,0.817272727272727,0.48494342906875537
321,"frozenset({'CHARLOTTE BAG APPLES DESIGN', 'POSTAGE'})",frozenset({'WOODLAND CHARLOTTE BAG'}),0.04643449419568822,0.0978441127694859,0.02321724709784411,0.5,5.110169491525424,1.0,0.018673905211367154,1.8043117744610282,0.8434782608695652,0.1917808219178082,0.44577205882352944,0.3686440677966102
322,frozenset({'WOODLAND CHARLOTTE BAG'}),"frozenset({'CHARLOTTE BAG APPLES DESIGN', 'POSTAGE'})",0.0978441127694859,0.04643449419568822,0.02321724709784411,0.23728813559322032,5.110169491525424,1.0,0.018673905211367154,1.2502303298323199,0.8915441176470588,0.1917808219178082,0.20014738393515102,0.3686440677966102
323,frozenset({'CHARLOTTE BAG APPLES DESIGN'}),"frozenset({'WOODLAND CHARLOTTE BAG', 'POSTAGE'})",0.05140961857379768,0.087893864013267,0.02321724709784411,0.4516129032258064,5.138161898965307,1.0,0.018698657073944813,1.6632523656228657,0.8490259740259739,0.19999999999999998,0.3987683284457478,0.3578819233110164
324,"frozenset({'CHARLOTTE BAG APPLES DESIGN', 'ROUND SNACK BOXES SET OF4 WOODLAND '})",frozenset({'ROUND SNACK BOXES SET OF 4 FRUITS '}),0.029850746268656716,0.12935323383084577,0.02321724709784411,0.7777777777777778,6.012820512820513,1.0,0.019355956535729312,3.9179104477611943,0.8593406593406593,0.17073170731707316,0.7447619047619047,0.47863247863247865
325,"frozenset({'CHARLOTTE BAG APPLES DESIGN', 'ROUND SNACK BOXES SET OF 4 FRUITS '})",frozenset({'ROUND SNACK BOXES SET OF4 WOODLAND '}),0.024875621890547265,0.19734660033167495,0.02321724709784411,0.9333333333333332,4.729411764705882,1.0,0.018308127686608416,12.039800995024859,0.8086734693877551,0.11666666666666667,0.9169421487603304,0.5254901960784313
326,"frozenset({'ROUND SNACK BOXES SET OF 4 FRUITS ', 'ROUND SNACK BOXES SET OF4 WOODLAND '})",frozenset({'CHARLOTTE BAG APPLES DESIGN'}),0.10281923714759536,0.05140961857379768,0.02321724709784411,0.2258064516129032,4.392299687825181,1.0,0.017931349334037384,1.2252625760088447,0.8608397148138367,0.1772151898734177,0.18384840965486124,0.33870967741935476
327,frozenset({'CHARLOTTE BAG APPLES DESIGN'}),"frozenset({'ROUND SNACK BOXES SET OF 4 FRUITS ', 'ROUND SNACK BOXES SET OF4 WOODLAND '})",0.05140961857379768,0.10281923714759536,0.02321724709784411,0.4516129032258064,4.392299687825181,1.0,0.017931349334037384,1.6360355087308553,0.814185814185814,0.1772151898734177,0.388766322819152,0.33870967741935476
328,"frozenset({'WOODLAND CHARLOTTE BAG', 'POSTAGE'})",frozenset({'CHARLOTTE BAG SUKI DESIGN'}),0.087893864013267,0.03814262023217247,0.02321724709784411,0.2641509433962264,6.925348646431501,1.0,0.019864744822047857,1.3071395160947399,0.9380519480519481,0.2258064516129032,0.23497072218607679,0.4364232977850697
329,"frozenset({'WOODLAND CHARLOTTE BAG', 'CHARLOTTE BAG SUKI DESIGN'})",frozenset({'POSTAGE'}),0.029850746268656716,0.6351575456053068,0.02321724709784411,0.7777777777777778,1.2245430809399478,1.0,0.004257320363357343,1.6417910447761195,0.189010989010989,0.03617571059431524,0.39090909090909093,0.40716565129097765
330,"frozenset({'POSTAGE', 'CHARLOTTE BAG SUKI DESIGN'})",frozenset({'WOODLAND CHARLOTTE BAG'}),0.028192371475953566,0.0978441127694859,0.02321724709784411,0.8235294117647058,8.416749750747757,1.0,0.020458789523911673,5.1122166943062455,0.9067528035104826,0.2258064516129032,0.8043901384083044,0.5304087736789631
331,frozenset({'WOODLAND CHARLOTTE BAG'}),"frozenset({'POSTAGE', 'CHARLOTTE BAG SUKI DESIGN'})",0.0978441127694859,0.028192371475953566,0.02321724709784411,0.23728813559322032,8.416749750747757,1.0,0.020458789523911673,1.2741477796204166,0.9767594537815125,0.2258064516129032,0.21516168218892806,0.5304087736789631
332,frozenset({'CHARLOTTE BAG SUKI DESIGN'}),"frozenset({'WOODLAND CHARLOTTE BAG', 'POSTAGE'})",0.03814262023217247,0.087893864013267,0.02321724709784411,0.608695652173913,6.9253486464315,1.0,0.019864744822047857,2.330937903077206,0.8895320197044335,0.2258064516129032,0.5709881422924901,0.4364232977850697
333,"frozenset({'CHILDRENS CUTLERY DOLLY GIRL ', 'CHILDRENS CUTLERY SPACEBOY '})",frozenset({'POSTAGE'}),0.029850746268656716,0.6351575456053068,0.028192371475953566,0.9444444444444444,1.4869451697127938,1.0,0.009232444741466797,6.567164179104474,0.33755656108597293,0.044270833333333336,0.8477272727272727,0.49441543371047286
334,"frozenset({'CHILDRENS CUTLERY DOLLY GIRL ', 'POSTAGE'})",frozenset({'CHILDRENS CUTLERY SPACEBOY '}),0.03482587064676617,0.03648424543946932,0.028192371475953566,0.8095238095238095,22.18831168831169,1.0,0.02692177586363374,5.058457711442786,0.9893875075803517,0.6538461538461536,0.8023112859601672,0.7911255411255411
335,"frozenset({'CHILDRENS CUTLERY SPACEBOY ', 'POSTAGE'})",frozenset({'CHILDRENS CUTLERY DOLLY GIRL '}),0.03482587064676617,0.03814262023217247,0.028192371475953566,0.8095238095238095,21.22360248447205,1.0,0.0268640215176192,5.0497512437810945,0.9872650090964219,0.6296296296296295,0.8019704433497536,0.7743271221532091
336,frozenset({'CHILDRENS CUTLERY DOLLY GIRL '}),"frozenset({'CHILDRENS CUTLERY SPACEBOY ', 'POSTAGE'})",0.03814262023217247,0.03482587064676617,0.028192371475953566,0.7391304347826086,21.223602484472046,1.0,0.0268640215176192,3.6998341625207294,0.9906693711967546,0.6296296296296295,0.7297176154190945,0.7743271221532091
337,frozenset({'CHILDRENS CUTLERY SPACEBOY '}),"frozenset({'CHILDRENS CUTLERY DOLLY GIRL ', 'POSTAGE'})",0.03648424543946932,0.03482587064676617,0.028192371475953566,0.7727272727272727,22.188311688311686,1.0,0.02692177586363374,4.246766169154228,0.991090412068442,0.6538461538461536,0.764526710402999,0.7911255411255411
338,"frozenset({'COFFEE MUG PEARS  DESIGN', 'COFFEE MUG APPLES DESIGN'})",frozenset({'POSTAGE'}),0.026533996683250415,0.6351575456053068,0.02321724709784411,0.8749999999999999,1.3776109660574412,1.0,0.006363978889411426,2.918739635157543,0.281577026040399,0.03636363636363636,0.6573863636363634,0.4557767624020887
339,"frozenset({'COFFEE MUG PEARS  DESIGN', 'POSTAGE'})",frozenset({'COFFEE MUG APPLES DESIGN'}),0.026533996683250415,0.04975124378109453,0.02321724709784411,0.8749999999999999,17.5875,1.0,0.021897147760368964,7.601990049751237,0.968848868337795,0.43749999999999994,0.8684554973821988,0.6708333333333333
340,"frozenset({'COFFEE MUG APPLES DESIGN', 'POSTAGE'})",frozenset({'COFFEE MUG PEARS  DESIGN'}),0.04145936981757877,0.029850746268656716,0.02321724709784411,0.5599999999999999,18.759999999999998,1.0,0.021979653968961163,2.2048846675712346,0.9876421156697974,0.4827586206896552,0.5464615384615384,0.6688888888888889
341,frozenset({'COFFEE MUG PEARS  DESIGN'}),"frozenset({'COFFEE MUG APPLES DESIGN', 'POSTAGE'})",0.029850746268656716,0.04145936981757877,0.02321724709784411,0.7777777777777778,18.76,1.0,0.021979653968961163,4.313432835820896,0.9758241758241758,0.4827586206896552,0.7681660899653979,0.6688888888888889
342,frozenset({'COFFEE MUG APPLES DESIGN'}),"frozenset({'COFFEE MUG PEARS  DESIGN', 'POSTAGE'})",0.04975124378109453,0.026533996683250415,0.02321724709784411,0.4666666666666666,17.5875,1.0,0.021897147760368964,1.825248756218905,0.9925205684367988,0.43749999999999994,0.45212947189097097,0.6708333333333333
343,"frozenset({'COFFEE MUG APPLES DESIGN', 'POSTAGE'})",frozenset({'ROUND SNACK BOXES SET OF 4 FRUITS '}),0.04145936981757877,0.12935323383084577,0.02155887230514096,0.52,4.0200000000000005,1.0,0.016195968746648186,1.8138474295190714,0.7837370242214534,0.14444444444444446,0.44868571428571435,0.3433333333333333
344,"frozenset({'COFFEE MUG APPLES DESIGN', 'ROUND SNACK BOXES SET OF 4 FRUITS '})",frozenset({'POSTAGE'}),0.02155887230514096,0.6351575456053068,0.02155887230514096,1.0,1.5744125326370757,1.0,0.007865591885789405,inf,0.3728813559322034,0.03394255874673629,1.0,0.5169712793733682
345,frozenset({'COFFEE MUG APPLES DESIGN'}),"frozenset({'POSTAGE', 'ROUND SNACK BOXES SET OF 4 FRUITS '})",0.04975124378109453,0.11442786069651742,0.02155887230514096,0.4333333333333333,3.7869565217391297,1.0,0.015865943912279398,1.562774363476734,0.7744663713250101,0.15116279069767438,0.3601123595505618,0.3108695652173913
346,"frozenset({'COFFEE MUG APPLES DESIGN', 'POSTAGE'})",frozenset({'ROUND SNACK BOXES SET OF4 WOODLAND '}),0.04145936981757877,0.19734660033167495,0.02321724709784411,0.5599999999999999,2.837647058823529,1.0,0.015035381412451285,1.8242122719734657,0.67560553633218,0.10769230769230768,0.45181818181818173,0.3388235294117647
347,"frozenset({'COFFEE MUG APPLES DESIGN', 'ROUND SNACK BOXES SET OF4 WOODLAND '})",frozenset({'POSTAGE'}),0.024875621890547265,0.6351575456053068,0.02321724709784411,0.9333333333333332,1.4694516971279372,1.0,0.007417308152438469,5.47263681592039,0.3276239067055393,0.03645833333333333,0.817272727272727,0.48494342906875537
348,frozenset({'COFFEE MUG APPLES DESIGN'}),"frozenset({'POSTAGE', 'ROUND SNACK BOXES SET OF4 WOODLAND '})",0.04975124378109453,0.17081260364842454,0.02321724709784411,0.4666666666666666,2.732038834951456,1.0,0.014719107612847865,1.5547263681592036,0.6671652954375468,0.11764705882352941,0.35679999999999995,0.301294498381877
349,"frozenset({'GUMBALL COAT RACK', 'POSTAGE'})",frozenset({'ROUND SNACK BOXES SET OF4 WOODLAND '}),0.04311774461028192,0.19734660033167495,0.024875621890547265,0.576923076923077,2.9234001292824825,1.0,0.016366481577738727,1.897180762852405,0.687579433853264,0.11538461538461539,0.472902097902098,0.3514867485455721
350,"frozenset({'GUMBALL COAT RACK', 'ROUND SNACK BOXES SET OF4 WOODLAND '})",frozenset({'POSTAGE'}),0.03150912106135987,0.6351575456053068,0.024875621890547265,0.7894736842105263,1.2429572626082177,1.0,0.00486236589303345,1.733001658374793,0.20182648401826478,0.03875968992248063,0.42296650717703355,0.41431908753607255
351,frozenset({'GUMBALL COAT RACK'}),"frozenset({'POSTAGE', 'ROUND SNACK BOXES SET OF4 WOODLAND '})",0.07462686567164178,0.17081260364842454,0.024875621890547265,0.33333333333333337,1.951456310679612,1.0,0.012128412663052897,1.2437810945273633,0.5268817204301076,0.11278195488721805,0.19600000000000004,0.23948220064724923
352,"frozenset({'POSTAGE', 'JAM JAR WITH PINK LID'})",frozenset({'JAM JAR WITH GREEN LID'}),0.04311774461028192,0.03150912106135987,0.02321724709784411,0.5384615384615384,17.08906882591093,1.0,0.021858644863025942,2.0983969043670534,0.9839069076504086,0.45161290322580644,0.5234457323498419,0.6376518218623481
353,"frozenset({'POSTAGE', 'JAM JAR WITH GREEN LID'})",frozenset({'JAM JAR WITH PINK LID'}),0.024875621890547265,0.05638474295190713,0.02321724709784411,0.9333333333333332,16.552941176470586,1.0,0.02181464155177677,14.154228855721373,0.9635568513119533,0.3999999999999999,0.9293497363796133,0.6725490196078431
354,"frozenset({'JAM JAR WITH PINK LID', 'JAM JAR WITH GREEN LID'})",frozenset({'POSTAGE'}),0.028192371475953566,0.6351575456053068,0.02321724709784411,0.8235294117647058,1.2965750268775917,1.0,0.0053106496263843825,2.067440574903261,0.23537298878595794,0.03626943005181347,0.5163101604278074,0.4300414682844417
355,frozenset({'JAM JAR WITH PINK LID'}),"frozenset({'POSTAGE', 'JAM JAR WITH GREEN LID'})",0.05638474295190713,0.024875621890547265,0.02321724709784411,0.4117647058823529,16.552941176470586,1.0,0.02181464155177677,1.6577114427860695,0.9957318604067286,0.3999999999999999,0.3967587034813925,0.6725490196078431
356,frozenset({'JAM JAR WITH GREEN LID'}),"frozenset({'POSTAGE', 'JAM JAR WITH PINK LID'})",0.03150912106135987,0.04311774461028192,0.02321724709784411,0.7368421052631577,17.08906882591093,1.0,0.021858644863025942,3.6361525704809265,0.9721135029354208,0.45161290322580644,0.7249840372160903,0.6376518218623481
357,"frozenset({'POSTAGE', 'JAM JAR WITH PINK LID'})",frozenset({'ROUND SNACK BOXES SET OF4 WOODLAND '}),0.04311774461028192,0.19734660033167495,0.02155887230514096,0.5,2.5336134453781516,1.0,0.013049731992332423,1.60530679933665,0.6325823223570191,0.09848484848484848,0.37706611570247933,0.3046218487394958
358,"frozenset({'JAM JAR WITH PINK LID', 'ROUND SNACK BOXES SET OF4 WOODLAND '})",frozenset({'POSTAGE'}),0.024875621890547265,0.6351575456053068,0.02155887230514096,0.8666666666666666,1.3644908616187987,1.0,0.005758933359735319,2.7363184079601974,0.27394034536891676,0.033766233766233764,0.6345454545454543,0.4503046127067014
359,frozenset({'JAM JAR WITH PINK LID'}),"frozenset({'POSTAGE', 'ROUND SNACK BOXES SET OF4 WOODLAND '})",0.05638474295190713,0.17081260364842454,0.02155887230514096,0.38235294117647056,2.2384351798972015,1.0,0.011927647555478548,1.3424938798073125,0.5863187778829254,0.10483870967741934,0.2551176470588235,0.2542832667047401
360,"frozenset({'JUMBO BAG RED RETROSPOT', 'JUMBO BAG PINK POLKADOT'})",frozenset({'POSTAGE'}),0.024875621890547265,0.6351575456053068,0.02155887230514096,0.8666666666666666,1.3644908616187987,1.0,0.005758933359735319,2.7363184079601974,0.27394034536891676,0.033766233766233764,0.6345454545454543,0.4503046127067014
361,"frozenset({'JUMBO BAG RED RETROSPOT', 'POSTAGE'})",frozenset({'JUMBO BAG PINK POLKADOT'}),0.04809286898839138,0.026533996683250415,0.02155887230514096,0.44827586206896547,16.894396551724135,1.0,0.020282776278914987,1.7644071310116087,0.9883409273653176,0.40624999999999994,0.43323738471479756,0.6303879310344827
362,"frozenset({'JUMBO BAG PINK POLKADOT', 'POSTAGE'})",frozenset({'JUMBO BAG RED RETROSPOT'}),0.02155887230514096,0.05970149253731343,0.02155887230514096,1.0,16.75,1.0,0.020271775451102696,inf,0.9610169491525424,0.36111111111111116,1.0,0.6805555555555556
363,frozenset({'JUMBO BAG RED RETROSPOT'}),"frozenset({'JUMBO BAG PINK POLKADOT', 'POSTAGE'})",0.05970149253731343,0.02155887230514096,0.02155887230514096,0.3611111111111111,16.75,1.0,0.020271775451102696,1.5314730694354317,1.0,0.36111111111111116,0.34703389830508474,0.6805555555555556
364,frozenset({'JUMBO BAG PINK POLKADOT'}),"frozenset({'JUMBO BAG RED RETROSPOT', 'POSTAGE'})",0.026533996683250415,0.04809286898839138,0.02155887230514096,0.8124999999999999,16.894396551724135,1.0,0.020282776278914987,5.07683803206191,0.9664526274407024,0.40624999999999994,0.8030270034843204,0.6303879310344827
365,"frozenset({'JUMBO BAG RED RETROSPOT', 'JUMBO BAG WOODLAND ANIMALS'})",frozenset({'POSTAGE'}),0.03648424543946932,0.6351575456053068,0.03316749585406302,0.9090909090909092,1.43128412057916,1.0,0.009994252067468078,4.013266998341629,0.3127366609294321,0.05194805194805195,0.7508264462809919,0.48065511511986714
366,"frozenset({'JUMBO BAG RED RETROSPOT', 'POSTAGE'})",frozenset({'JUMBO BAG WOODLAND ANIMALS'}),0.04809286898839138,0.07960199004975124,0.03316749585406302,0.689655172413793,8.663793103448276,1.0,0.0293392077753851,2.965726920950801,0.9292682926829269,0.3508771929824562,0.6628145386766076,0.5531609195402298
367,"frozenset({'JUMBO BAG WOODLAND ANIMALS', 'POSTAGE'})",frozenset({'JUMBO BAG RED RETROSPOT'}),0.06633499170812604,0.05970149253731343,0.03316749585406302,0.5,8.375,1.0,0.029207197841637583,1.8805970149253732,0.9431616341030196,0.35714285714285715,0.4682539682539682,0.5277777777777778
368,frozenset({'JUMBO BAG RED RETROSPOT'}),"frozenset({'JUMBO BAG WOODLAND ANIMALS', 'POSTAGE'})",0.05970149253731343,0.06633499170812604,0.03316749585406302,0.5555555555555556,8.375,1.0,0.029207197841637583,2.1007462686567164,0.9365079365079364,0.35714285714285715,0.5239786856127886,0.5277777777777778
369,frozenset({'JUMBO BAG WOODLAND ANIMALS'}),"frozenset({'JUMBO BAG RED RETROSPOT', 'POSTAGE'})",0.07960199004975124,0.04809286898839138,0.03316749585406302,0.4166666666666667,8.663793103448276,1.0,0.0293392077753851,1.6318407960199006,0.961081081081081,0.3508771929824562,0.3871951219512195,0.5531609195402298
370,"frozenset({'JUMBO BAG WOODLAND ANIMALS', 'POSTAGE'})",frozenset({'ROUND SNACK BOXES SET OF4 WOODLAND '}),0.06633499170812604,0.19734660033167495,0.024875621890547265,0.375,1.9002100840336136,1.0,0.011784636793918744,1.2842454394693201,0.507400828892836,0.10416666666666666,0.22133264462809918,0.2505252100840336
371,"frozenset({'JUMBO BAG WOODLAND ANIMALS', 'ROUND SNACK BOXES SET OF4 WOODLAND '})",frozenset({'POSTAGE'}),0.028192371475953566,0.6351575456053068,0.024875621890547265,0.8823529411764707,1.3891875287974198,1.0,0.006969024419087536,3.1011608623548943,0.28828213879408415,0.03896103896103897,0.677540106951872,0.4607587160190447
372,frozenset({'JUMBO BAG WOODLAND ANIMALS'}),"frozenset({'POSTAGE', 'ROUND SNACK BOXES SET OF4 WOODLAND '})",0.07960199004975124,0.17081260364842454,0.024875621890547265,0.3125,1.829490291262136,1.0,0.011278598714553272,1.2060907583295644,0.4926126126126127,0.11029411764705885,0.170875,0.22906553398058255
373,"frozenset({'WOODLAND CHARLOTTE BAG', 'JUMBO BAG WOODLAND ANIMALS'})",frozenset({'POSTAGE'}),0.03814262023217247,0.6351575456053068,0.03316749585406302,0.8695652173913044,1.369054376206153,1.0,0.008940922804441035,2.79712548369265,0.2802586206896552,0.05181347150259067,0.6424901185770754,0.46089226927006477
374,"frozenset({'WOODLAND CHARLOTTE BAG', 'POSTAGE'})",frozenset({'JUMBO BAG WOODLAND ANIMALS'}),0.087893864013267,0.07960199004975124,0.03316749585406302,0.37735849056603776,4.740566037735849,1.0,0.026170969365444753,1.4782149856776723,0.8650909090909091,0.2469135802469136,0.32350841407445186,0.3970125786163522
375,"frozenset({'JUMBO BAG WOODLAND ANIMALS', 'POSTAGE'})",frozenset({'WOODLAND CHARLOTTE BAG'}),0.06633499170812604,0.0978441127694859,0.03316749585406302,0.5,5.110169491525424,1.0,0.026677007444810222,1.8043117744610282,0.8614564831261101,0.2531645569620253,0.44577205882352944,0.4194915254237288
376,frozenset({'WOODLAND CHARLOTTE BAG'}),"frozenset({'JUMBO BAG WOODLAND ANIMALS', 'POSTAGE'})",0.0978441127694859,0.06633499170812604,0.03316749585406302,0.33898305084745767,5.110169491525424,1.0,0.026677007444810222,1.412467576646681,0.8915441176470588,0.2531645569620253,0.2920191468224103,0.4194915254237288
377,frozenset({'JUMBO BAG WOODLAND ANIMALS'}),"frozenset({'WOODLAND CHARLOTTE BAG', 'POSTAGE'})",0.07960199004975124,0.087893864013267,0.03316749585406302,0.4166666666666667,4.740566037735849,1.0,0.026170969365444753,1.5636105188343996,0.8572972972972973,0.2469135802469136,0.3604545454545455,0.3970125786163522
378,"frozenset({'LUNCH BAG APPLE DESIGN', 'POSTAGE'})",frozenset({'ROUND SNACK BOXES SET OF 4 FRUITS '}),0.04145936981757877,0.12935323383084577,0.02155887230514096,0.52,4.0200000000000005,1.0,0.016195968746648186,1.8138474295190714,0.7837370242214534,0.14444444444444446,0.44868571428571435,0.3433333333333333
379,"frozenset({'LUNCH BAG APPLE DESIGN', 'ROUND SNACK BOXES SET OF 4 FRUITS '})",frozenset({'POSTAGE'}),0.02155887230514096,0.6351575456053068,0.02155887230514096,1.0,1.5744125326370757,1.0,0.007865591885789405,inf,0.3728813559322034,0.03394255874673629,1.0,0.5169712793733682
380,frozenset({'LUNCH BAG APPLE DESIGN'}),"frozenset({'POSTAGE', 'ROUND SNACK BOXES SET OF 4 FRUITS '})",0.04643449419568822,0.11442786069651742,0.02155887230514096,0.4642857142857143,4.057453416149068,1.0,0.016245472471803503,1.653067993366501,0.7902341137123746,0.15476190476190477,0.3950642054574639,0.32634575569358176
381,"frozenset({'LUNCH BAG APPLE DESIGN', 'POSTAGE'})",frozenset({'ROUND SNACK BOXES SET OF4 WOODLAND '}),0.04145936981757877,0.19734660033167495,0.024875621890547265,0.6000000000000001,3.0403361344537823,1.0,0.01669375620515444,2.006633499170813,0.7001153402537486,0.11627906976744187,0.5016528925619836,0.36302521008403366
382,"frozenset({'LUNCH BAG APPLE DESIGN', 'ROUND SNACK BOXES SET OF4 WOODLAND '})",frozenset({'POSTAGE'}),0.026533996683250415,0.6351575456053068,0.024875621890547265,0.9375,1.4760117493472584,1.0,0.00802235368211458,5.837479270315091,0.3312890403180011,0.0390625,0.8286931818181819,0.4883322454308094
383,frozenset({'LUNCH BAG APPLE DESIGN'}),"frozenset({'POSTAGE', 'ROUND SNACK BOXES SET OF4 WOODLAND '})",0.04643449419568822,0.17081260364842454,0.024875621890547265,0.5357142857142858,3.1362690707350906,1.0,0.0169440250378841,1.7859420844495475,0.7143188405797101,0.12931034482758622,0.44007142857142867,0.34067267683772545
384,"frozenset({'POSTAGE', 'LUNCH BAG WOODLAND'})",frozenset({'ROUND SNACK BOXES SET OF4 WOODLAND '}),0.05140961857379768,0.19734660033167495,0.02321724709784411,0.4516129032258064,2.28842504743833,1.0,0.013071733647957008,1.463662081748122,0.5935314685314684,0.10294117647058824,0.3167821914156224,0.2846299810246679
385,"frozenset({'LUNCH BAG WOODLAND', 'ROUND SNACK BOXES SET OF4 WOODLAND '})",frozenset({'POSTAGE'}),0.028192371475953566,0.6351575456053068,0.02321724709784411,0.8235294117647058,1.2965750268775917,1.0,0.0053106496263843825,2.067440574903261,0.23537298878595794,0.03626943005181347,0.5163101604278074,0.4300414682844417
386,frozenset({'LUNCH BAG WOODLAND'}),"frozenset({'POSTAGE', 'ROUND SNACK BOXES SET OF4 WOODLAND '})",0.05970149253731343,0.17081260364842454,0.02321724709784411,0.3888888888888889,2.2766990291262137,1.0,0.013019479715848617,1.3568521031207597,0.5963718820861678,0.11199999999999999,0.263,0.26240560949298813
387,"frozenset({'POSTAGE', 'LUNCH BOX WITH CUTLERY RETROSPOT '})",frozenset({'ROUND SNACK BOXES SET OF 4 FRUITS '}),0.04145936981757877,0.12935323383084577,0.02321724709784411,0.5599999999999999,4.329230769230769,1.0,0.017854343539351336,1.9787426503844412,0.8022738507167574,0.15730337078651685,0.49462857142857136,0.36974358974358973
388,"frozenset({'POSTAGE', 'ROUND SNACK BOXES SET OF 4 FRUITS '})",frozenset({'LUNCH BOX WITH CUTLERY RETROSPOT '}),0.11442786069651742,0.05306799336650083,0.02321724709784411,0.20289855072463767,3.823369565217391,1.0,0.017144790145458444,1.1879692446856627,0.833868378812199,0.16091954022988503,0.1582273661768065,0.3201992753623188
389,"frozenset({'LUNCH BOX WITH CUTLERY RETROSPOT ', 'ROUND SNACK BOXES SET OF 4 FRUITS '})",frozenset({'POSTAGE'}),0.024875621890547265,0.6351575456053068,0.02321724709784411,0.9333333333333332,1.4694516971279372,1.0,0.007417308152438469,5.47263681592039,0.3276239067055393,0.03645833333333333,0.817272727272727,0.48494342906875537
390,frozenset({'LUNCH BOX WITH CUTLERY RETROSPOT '}),"frozenset({'POSTAGE', 'ROUND SNACK BOXES SET OF 4 FRUITS '})",0.05306799336650083,0.11442786069651742,0.02321724709784411,0.43749999999999994,3.8233695652173907,1.0,0.017144790145458444,1.5743504698728579,0.7798348761571178,0.16091954022988503,0.36481741573033705,0.3201992753623188
391,"frozenset({'POSTAGE', 'LUNCH BOX WITH CUTLERY RETROSPOT '})",frozenset({'ROUND SNACK BOXES SET OF4 WOODLAND '}),0.04145936981757877,0.19734660033167495,0.024875621890547265,0.6000000000000001,3.0403361344537823,1.0,0.01669375620515444,2.006633499170813,0.7001153402537486,0.11627906976744187,0.5016528925619836,0.36302521008403366
392,"frozenset({'LUNCH BOX WITH CUTLERY RETROSPOT ', 'ROUND SNACK BOXES SET OF4 WOODLAND '})",frozenset({'POSTAGE'}),0.029850746268656716,0.6351575456053068,0.024875621890547265,0.8333333333333334,1.31201044386423,1.0,0.0059156951560604965,2.18905472636816,0.2451282051282052,0.03886010362694301,0.5431818181818183,0.43624891209747607
393,frozenset({'LUNCH BOX WITH CUTLERY RETROSPOT '}),"frozenset({'POSTAGE', 'ROUND SNACK BOXES SET OF4 WOODLAND '})",0.05306799336650083,0.17081260364842454,0.024875621890547265,0.46875,2.744235436893204,1.0,0.015810939773217937,1.560823334308848,0.6712200817279627,0.125,0.3593125,0.30719053398058255
394,"frozenset({'POSTAGE', 'LUNCH BOX WITH CUTLERY RETROSPOT '})",frozenset({'SKULL LUNCH BOX WITH CUTLERY '}),0.04145936981757877,0.04311774461028192,0.02155887230514096,0.52,12.06,1.0,0.01977123778564337,1.9935046987285794,0.9567474048442908,0.3421052631578947,0.49837088388214906,0.51
395,"frozenset({'POSTAGE', 'SKULL LUNCH BOX WITH CUTLERY '})",frozenset({'LUNCH BOX WITH CUTLERY RETROSPOT '}),0.03648424543946932,0.05306799336650083,0.02155887230514096,0.5909090909090908,11.13494318181818,1.0,0.019622726610177416,2.3147226828818863,0.9446577518866677,0.31707317073170727,0.5679828052857825,0.4985795454545454
396,"frozenset({'LUNCH BOX WITH CUTLERY RETROSPOT ', 'SKULL LUNCH BOX WITH CUTLERY '})",frozenset({'POSTAGE'}),0.024875621890547265,0.6351575456053068,0.02155887230514096,0.8666666666666666,1.3644908616187987,1.0,0.005758933359735319,2.7363184079601974,0.27394034536891676,0.033766233766233764,0.6345454545454543,0.4503046127067014
397,frozenset({'LUNCH BOX WITH CUTLERY RETROSPOT '}),"frozenset({'POSTAGE', 'SKULL LUNCH BOX WITH CUTLERY '})",0.05306799336650083,0.03648424543946932,0.02155887230514096,0.40624999999999994,11.13494318181818,1.0,0.019622726610177416,1.6227633761019462,0.9612016704836319,0.31707317073170727,0.38376721170395867,0.4985795454545454
398,frozenset({'SKULL LUNCH BOX WITH CUTLERY '}),"frozenset({'POSTAGE', 'LUNCH BOX WITH CUTLERY RETROSPOT '})",0.04311774461028192,0.04145936981757877,0.02155887230514096,0.5,12.06,1.0,0.01977123778564337,1.9170812603648424,0.9584055459272097,0.3421052631578947,0.4783737024221454,0.51
399,"frozenset({'POSTAGE', 'LUNCH BOX WITH CUTLERY RETROSPOT '})",frozenset({'STRAWBERRY LUNCH BOX WITH CUTLERY'}),0.04145936981757877,0.06301824212271974,0.02155887230514096,0.52,8.25157894736842,1.0,0.0189461756997214,1.9520453289110005,0.9168219323928666,0.26,0.4877168141592921,0.43105263157894735
400,"frozenset({'POSTAGE', 'STRAWBERRY LUNCH BOX WITH CUTLERY'})",frozenset({'LUNCH BOX WITH CUTLERY RETROSPOT '}),0.05140961857379768,0.05306799336650083,0.02155887230514096,0.4193548387096774,7.902217741935483,1.0,0.018830667007692328,1.6308273447576929,0.9207907477138246,0.26,0.3868143042765945,0.41280241935483863
401,"frozenset({'LUNCH BOX WITH CUTLERY RETROSPOT ', 'STRAWBERRY LUNCH BOX WITH CUTLERY'})",frozenset({'POSTAGE'}),0.024875621890547265,0.6351575456053068,0.02155887230514096,0.8666666666666666,1.3644908616187987,1.0,0.005758933359735319,2.7363184079601974,0.27394034536891676,0.033766233766233764,0.6345454545454543,0.4503046127067014
402,frozenset({'LUNCH BOX WITH CUTLERY RETROSPOT '}),"frozenset({'POSTAGE', 'STRAWBERRY LUNCH BOX WITH CUTLERY'})",0.05306799336650083,0.05140961857379768,0.02155887230514096,0.40624999999999994,7.902217741935482,1.0,0.018830667007692328,1.5976259055599198,0.9224033409672638,0.26,0.3740712412587412,0.41280241935483863
403,frozenset({'STRAWBERRY LUNCH BOX WITH CUTLERY'}),"frozenset({'POSTAGE', 'LUNCH BOX WITH CUTLERY RETROSPOT '})",0.06301824212271974,0.04145936981757877,0.02155887230514096,0.3421052631578947,8.25157894736842,1.0,0.0189461756997214,1.4569817578772801,0.9379169503063308,0.26,0.3136496084501912,0.43105263157894735
404,"frozenset({'LUNCH BOX WITH CUTLERY RETROSPOT ', 'ROUND SNACK BOXES SET OF4 WOODLAND '})",frozenset({'ROUND SNACK BOXES SET OF 4 FRUITS '}),0.029850746268656716,0.12935323383084577,0.02155887230514096,0.7222222222222222,5.583333333333334,1.0,0.017697581743026162,3.1343283582089554,0.8461538461538461,0.1566265060240964,0.680952380952381,0.4444444444444444
405,"frozenset({'ROUND SNACK BOXES SET OF 4 FRUITS ', 'ROUND SNACK BOXES SET OF4 WOODLAND '})",frozenset({'LUNCH BOX WITH CUTLERY RETROSPOT '}),0.10281923714759536,0.05306799336650083,0.02155887230514096,0.2096774193548387,3.9511088709677415,1.0,0.016102461710243696,1.1981588655362643,0.8325039101379211,0.16049382716049382,0.16538613637647587,0.3079637096774193
406,"frozenset({'LUNCH BOX WITH CUTLERY RETROSPOT ', 'ROUND SNACK BOXES SET OF 4 FRUITS '})",frozenset({'ROUND SNACK BOXES SET OF4 WOODLAND '}),0.024875621890547265,0.19734660033167495,0.02155887230514096,0.8666666666666666,4.391596638655462,1.0,0.016649752893905266,6.019900497512435,0.7919937205651492,0.10743801652892562,0.8338842975206611,0.48795518207282906
407,frozenset({'LUNCH BOX WITH CUTLERY RETROSPOT '}),"frozenset({'ROUND SNACK BOXES SET OF 4 FRUITS ', 'ROUND SNACK BOXES SET OF4 WOODLAND '})",0.05306799336650083,0.10281923714759536,0.02155887230514096,0.40624999999999994,3.951108870967741,1.0,0.016102461710243696,1.51104128480405,0.7887646504108851,0.16049382716049382,0.3382047134935304,0.3079637096774193
408,"frozenset({'POSTAGE', 'PACK OF 20 NAPKINS RED APPLES'})",frozenset({'ROUND SNACK BOXES SET OF4 WOODLAND '}),0.03814262023217247,0.19734660033167495,0.024875621890547265,0.6521739130434783,3.304713189623676,1.0,0.017348305459985867,2.3076285240464345,0.7250574712643679,0.11811023622047245,0.5666546891843335,0.38911216660577275
409,"frozenset({'PACK OF 20 NAPKINS RED APPLES', 'ROUND SNACK BOXES SET OF4 WOODLAND '})",frozenset({'POSTAGE'}),0.028192371475953566,0.6351575456053068,0.024875621890547265,0.8823529411764707,1.3891875287974198,1.0,0.006969024419087536,3.1011608623548943,0.28828213879408415,0.03896103896103897,0.677540106951872,0.4607587160190447
410,frozenset({'PACK OF 20 NAPKINS RED APPLES'}),"frozenset({'POSTAGE', 'ROUND SNACK BOXES SET OF4 WOODLAND '})",0.04809286898839138,0.17081260364842454,0.024875621890547265,0.5172413793103449,3.0281218613993977,1.0,0.01666075372171756,1.7176024638711207,0.7036004645760744,0.12820512820512822,0.4177931034482759,0.331436223635755
411,"frozenset({'PLASTERS IN TIN CIRCUS PARADE ', 'PLASTERS IN TIN SPACEBOY'})",frozenset({'PLASTERS IN TIN WOODLAND ANIMALS'}),0.03648424543946932,0.10945273631840796,0.026533996683250415,0.7272727272727273,6.644628099173554,1.0,0.0225406961873881,3.2653399668325047,0.8816695352839932,0.22222222222222224,0.6937531742001016,0.48484848484848486
412,"frozenset({'PLASTERS IN TIN CIRCUS PARADE ', 'PLASTERS IN TIN WOODLAND ANIMALS'})",frozenset({'PLASTERS IN TIN SPACEBOY'}),0.05140961857379768,0.0845771144278607,0.026533996683250415,0.5161290322580645,6.10246679316888,1.0,0.022185919490441658,1.8918739635157547,0.8814466783216783,0.24242424242424246,0.4714235624123422,0.41492726122707146
413,"frozenset({'PLASTERS IN TIN SPACEBOY', 'PLASTERS IN TIN WOODLAND ANIMALS'})",frozenset({'PLASTERS IN TIN CIRCUS PARADE '}),0.04809286898839138,0.0945273631840796,0.026533996683250415,0.5517241379310345,5.836660617059891,1.0,0.021987904589820383,2.0199004975124377,0.8705357142857142,0.22857142857142856,0.5049261083743842,0.4162129461584997
414,frozenset({'PLASTERS IN TIN CIRCUS PARADE '}),"frozenset({'PLASTERS IN TIN SPACEBOY', 'PLASTERS IN TIN WOODLAND ANIMALS'})",0.0945273631840796,0.04809286898839138,0.026533996683250415,0.2807017543859649,5.8366606170598905,1.0,0.021987904589820383,1.3233830845771144,0.9151785714285713,0.22857142857142856,0.24436090225563908,0.4162129461584997
415,frozenset({'PLASTERS IN TIN SPACEBOY'}),"frozenset({'PLASTERS IN TIN CIRCUS PARADE ', 'PLASTERS IN TIN WOODLAND ANIMALS'})",0.0845771144278607,0.05140961857379768,0.026533996683250415,0.3137254901960784,6.1024667931688805,1.0,0.022185919490441658,1.382231698649609,0.9133831521739131,0.24242424242424246,0.2765322912381736,0.41492726122707146
416,frozenset({'PLASTERS IN TIN WOODLAND ANIMALS'}),"frozenset({'PLASTERS IN TIN CIRCUS PARADE ', 'PLASTERS IN TIN SPACEBOY'})",0.10945273631840796,0.03648424543946932,0.026533996683250415,0.24242424242424243,6.644628099173554,1.0,0.0225406961873881,1.2718407960199005,0.9539106145251396,0.22222222222222224,0.21373806915975593,0.48484848484848486
417,"frozenset({'PLASTERS IN TIN CIRCUS PARADE ', 'PLASTERS IN TIN SPACEBOY'})",frozenset({'POSTAGE'}),0.03648424543946932,0.6351575456053068,0.03482587064676617,0.9545454545454546,1.5028483266081178,1.0,0.011652626860171229,8.026533996683257,0.34726661749036963,0.0546875,0.875413223140496,0.5046878708758604
418,"frozenset({'PLASTERS IN TIN CIRCUS PARADE ', 'POSTAGE'})",frozenset({'PLASTERS IN TIN SPACEBOY'}),0.07628524046434494,0.0845771144278607,0.03482587064676617,0.4565217391304348,5.39769820971867,1.0,0.0283738851348564,1.6843781094527366,0.8820210310335982,0.27631578947368424,0.40630907372400754,0.43414322250639387
419,"frozenset({'PLASTERS IN TIN SPACEBOY', 'POSTAGE'})",frozenset({'PLASTERS IN TIN CIRCUS PARADE '}),0.07628524046434494,0.0945273631840796,0.03482587064676617,0.4565217391304348,4.829519450800916,1.0,0.02761482801580819,1.6660696517412936,0.8584252372403179,0.25609756097560976,0.3997849976110846,0.4124713958810069
420,frozenset({'PLASTERS IN TIN CIRCUS PARADE '}),"frozenset({'PLASTERS IN TIN SPACEBOY', 'POSTAGE'})",0.0945273631840796,0.07628524046434494,0.03482587064676617,0.368421052631579,4.829519450800916,1.0,0.02761482801580819,1.4625483692647874,0.8757195185766614,0.25609756097560976,0.3162619295095909,0.4124713958810069
421,frozenset({'PLASTERS IN TIN SPACEBOY'}),"frozenset({'PLASTERS IN TIN CIRCUS PARADE ', 'POSTAGE'})",0.0845771144278607,0.07628524046434494,0.03482587064676617,0.4117647058823529,5.39769820971867,1.0,0.0283738851348564,1.5703150912106136,0.8900103519668736,0.27631578947368424,0.3631851304255993,0.43414322250639387
422,"frozenset({'PLASTERS IN TIN CIRCUS PARADE ', 'POSTAGE'})",frozenset({'PLASTERS IN TIN STRONGMAN'}),0.07628524046434494,0.05638474295190713,0.03482587064676617,0.4565217391304348,8.096547314578006,1.0,0.030524546972159658,1.736252072968491,0.9488757801145592,0.3559322033898305,0.4240467639642393,0.5370843989769821
423,"frozenset({'PLASTERS IN TIN CIRCUS PARADE ', 'PLASTERS IN TIN STRONGMAN'})",frozenset({'POSTAGE'}),0.03814262023217247,0.6351575456053068,0.03482587064676617,0.9130434782608696,1.4375070950164606,1.0,0.010599297597144185,4.195688225538975,0.3164203612479475,0.054545454545454536,0.7616600790513836,0.483936882733568
424,"frozenset({'POSTAGE', 'PLASTERS IN TIN STRONGMAN'})",frozenset({'PLASTERS IN TIN CIRCUS PARADE '}),0.05140961857379768,0.0945273631840796,0.03482587064676617,0.6774193548387096,7.166383701188455,1.0,0.029966254960685793,2.8069651741293526,0.907092907092907,0.31343283582089554,0.6437433534207727,0.5229202037351444
425,frozenset({'PLASTERS IN TIN CIRCUS PARADE '}),"frozenset({'POSTAGE', 'PLASTERS IN TIN STRONGMAN'})",0.0945273631840796,0.05140961857379768,0.03482587064676617,0.368421052631579,7.1663837011884555,1.0,0.029966254960685793,1.5019347705914872,0.9502878074306645,0.31343283582089554,0.3341921236658079,0.5229202037351444
426,frozenset({'PLASTERS IN TIN STRONGMAN'}),"frozenset({'PLASTERS IN TIN CIRCUS PARADE ', 'POSTAGE'})",0.05638474295190713,0.07628524046434494,0.03482587064676617,0.6176470588235294,8.096547314578006,1.0,0.030524546972159658,2.415869371093252,0.9288643401121434,0.3559322033898305,0.5860703347766396,0.5370843989769821
427,"frozenset({'PLASTERS IN TIN CIRCUS PARADE ', 'POSTAGE'})",frozenset({'PLASTERS IN TIN WOODLAND ANIMALS'}),0.07628524046434494,0.10945273631840796,0.04145936981757877,0.5434782608695652,4.965415019762846,1.0,0.033109741508048476,1.9507225775882493,0.8645601436265707,0.2873563218390805,0.4873694437697352,0.461133069828722
428,"frozenset({'PLASTERS IN TIN CIRCUS PARADE ', 'PLASTERS IN TIN WOODLAND ANIMALS'})",frozenset({'POSTAGE'}),0.05140961857379768,0.6351575456053068,0.04145936981757877,0.8064516129032258,1.2696875263202223,1.0,0.008806162663740444,1.8850193477059145,0.22391608391608386,0.06426735218508997,0.4695014662756597,0.43586288216962854
429,"frozenset({'POSTAGE', 'PLASTERS IN TIN WOODLAND ANIMALS'})",frozenset({'PLASTERS IN TIN CIRCUS PARADE '}),0.08955223880597014,0.0945273631840796,0.04145936981757877,0.46296296296296297,4.89766081871345,1.0,0.0329942328160194,1.6860524961399899,0.8740983606557376,0.29069767441860467,0.4068986568986569,0.45077972709551656
430,frozenset({'PLASTERS IN TIN CIRCUS PARADE '}),"frozenset({'POSTAGE', 'PLASTERS IN TIN WOODLAND ANIMALS'})",0.0945273631840796,0.08955223880597014,0.04145936981757877,0.43859649122807015,4.89766081871345,1.0,0.0329942328160194,1.6217350746268657,0.8789010989010989,0.29069767441860467,0.3833764739718148,0.45077972709551656
431,frozenset({'PLASTERS IN TIN WOODLAND ANIMALS'}),"frozenset({'PLASTERS IN TIN CIRCUS PARADE ', 'POSTAGE'})",0.10945273631840796,0.07628524046434494,0.04145936981757877,0.3787878787878788,4.965415019762846,1.0,0.033109741508048476,1.486955466569591,0.8967597765363128,0.2873563218390805,0.3274849028888526,0.461133069828722
432,"frozenset({'PLASTERS IN TIN CIRCUS PARADE ', 'PLASTERS IN TIN WOODLAND ANIMALS'})",frozenset({'ROUND SNACK BOXES SET OF 4 FRUITS '}),0.05140961857379768,0.12935323383084577,0.02155887230514096,0.4193548387096774,3.2419354838709675,1.0,0.014908871892609917,1.4994472084024322,0.729020979020979,0.13541666666666666,0.33308755760368663,0.293010752688172
433,"frozenset({'PLASTERS IN TIN CIRCUS PARADE ', 'ROUND SNACK BOXES SET OF 4 FRUITS '})",frozenset({'PLASTERS IN TIN WOODLAND ANIMALS'}),0.03980099502487562,0.10945273631840796,0.02155887230514096,0.5416666666666666,4.948863636363636,1.0,0.01720254449147298,1.9430122116689281,0.8310083698684734,0.16883116883116886,0.4853351955307262,0.36931818181818177
434,"frozenset({'PLASTERS IN TIN WOODLAND ANIMALS', 'ROUND SNACK BOXES SET OF 4 FRUITS '})",frozenset({'PLASTERS IN TIN CIRCUS PARADE '}),0.03648424543946932,0.0945273631840796,0.02155887230514096,0.5909090909090908,6.251196172248803,1.0,0.018110112785987145,2.2133775566611384,0.871839004369125,0.19696969696969693,0.5482017982017982,0.4094896331738437
435,frozenset({'PLASTERS IN TIN CIRCUS PARADE '}),"frozenset({'PLASTERS IN TIN WOODLAND ANIMALS', 'ROUND SNACK BOXES SET OF 4 FRUITS '})",0.0945273631840796,0.03648424543946932,0.02155887230514096,0.22807017543859648,6.251196172248803,1.0,0.018110112785987145,1.2481908638625057,0.9277261200338124,0.19696969696969693,0.1988404746806776,0.4094896331738437
436,"frozenset({'PLASTERS IN TIN CIRCUS PARADE ', 'PLASTERS IN TIN WOODLAND ANIMALS'})",frozenset({'ROUND SNACK BOXES SET OF4 WOODLAND '}),0.05140961857379768,0.19734660033167495,0.029850746268656716,0.5806451612903225,2.9422607752778527,1.0,0.01970523281876961,1.9140196453629286,0.6959013209013208,0.13636363636363638,0.47753932284724065,0.3659528327460016
437,"frozenset({'PLASTERS IN TIN CIRCUS PARADE ', 'ROUND SNACK BOXES SET OF4 WOODLAND '})",frozenset({'PLASTERS IN TIN WOODLAND ANIMALS'}),0.04477611940298507,0.10945273631840796,0.029850746268656716,0.6666666666666667,6.090909090909092,1.0,0.02494987747828024,2.671641791044777,0.8750000000000001,0.24000000000000002,0.6256983240223465,0.4696969696969697
438,"frozenset({'PLASTERS IN TIN WOODLAND ANIMALS', 'ROUND SNACK BOXES SET OF4 WOODLAND '})",frozenset({'PLASTERS IN TIN CIRCUS PARADE '}),0.05638474295190713,0.0945273631840796,0.029850746268656716,0.5294117647058824,5.6006191950464395,1.0,0.02452084519360082,1.9241293532338308,0.8705330990041008,0.2465753424657534,0.48028442146089206,0.42260061919504643
439,frozenset({'PLASTERS IN TIN CIRCUS PARADE '}),"frozenset({'PLASTERS IN TIN WOODLAND ANIMALS', 'ROUND SNACK BOXES SET OF4 WOODLAND '})",0.0945273631840796,0.05638474295190713,0.029850746268656716,0.3157894736842105,5.6006191950464395,1.0,0.02452084519360082,1.3791299910702897,0.9072039072039072,0.2465753424657534,0.27490518915918966,0.42260061919504643
440,frozenset({'PLASTERS IN TIN WOODLAND ANIMALS'}),"frozenset({'PLASTERS IN TIN CIRCUS PARADE ', 'ROUND SNACK BOXES SET OF4 WOODLAND '})",0.10945273631840796,0.04477611940298507,0.029850746268656716,0.2727272727272727,6.090909090909091,1.0,0.02494987747828024,1.3134328358208955,0.9385474860335196,0.24000000000000002,0.23863636363636362,0.4696969696969697
441,"frozenset({'PLASTERS IN TIN CIRCUS PARADE ', 'REGENCY CAKESTAND 3 TIER'})",frozenset({'POSTAGE'}),0.028192371475953566,0.6351575456053068,0.02321724709784411,0.8235294117647058,1.2965750268775917,1.0,0.0053106496263843825,2.067440574903261,0.23537298878595794,0.03626943005181347,0.5163101604278074,0.4300414682844417
442,"frozenset({'PLASTERS IN TIN CIRCUS PARADE ', 'POSTAGE'})",frozenset({'REGENCY CAKESTAND 3 TIER'}),0.07628524046434494,0.13432835820895522,0.02321724709784411,0.3043478260869565,2.2657004830917873,1.0,0.012969975990693298,1.244402985074627,0.6047704539625545,0.12389380530973451,0.19640179910044972,0.238593666129898
443,"frozenset({'REGENCY CAKESTAND 3 TIER', 'POSTAGE'})",frozenset({'PLASTERS IN TIN CIRCUS PARADE '}),0.0912106135986733,0.0945273631840796,0.02321724709784411,0.2545454545454545,2.6928229665071766,1.0,0.01459534829995957,1.2146584152408688,0.6917361835245046,0.14285714285714288,0.17672327672327667,0.2500797448165869
444,frozenset({'PLASTERS IN TIN CIRCUS PARADE '}),"frozenset({'REGENCY CAKESTAND 3 TIER', 'POSTAGE'})",0.0945273631840796,0.0912106135986733,0.02321724709784411,0.24561403508771928,2.692822966507177,1.0,0.01459534829995957,1.204674302904084,0.6942700156985872,0.14285714285714288,0.16990011525163273,0.2500797448165869
445,"frozenset({'PLASTERS IN TIN CIRCUS PARADE ', 'POSTAGE'})",frozenset({'ROUND SNACK BOXES SET OF 4 FRUITS '}),0.07628524046434494,0.12935323383084577,0.03648424543946932,0.4782608695652174,3.697324414715719,1.0,0.026616502891842614,1.6687396351575456,0.7897829280235025,0.2156862745098039,0.4007453416149069,0.3801560758082497
446,"frozenset({'PLASTERS IN TIN CIRCUS PARADE ', 'ROUND SNACK BOXES SET OF 4 FRUITS '})",frozenset({'POSTAGE'}),0.03980099502487562,0.6351575456053068,0.03648424543946932,0.9166666666666667,1.4432114882506528,1.0,0.011204343126820296,4.3781094527363225,0.3198304286387189,0.057142857142857134,0.7715909090909093,0.48705395996518713
447,"frozenset({'POSTAGE', 'ROUND SNACK BOXES SET OF 4 FRUITS '})",frozenset({'PLASTERS IN TIN CIRCUS PARADE '}),0.11442786069651742,0.0945273631840796,0.03648424543946932,0.3188405797101449,3.37299771167048,1.0,0.02566768149303235,1.3293108923467767,0.7944330949948927,0.21153846153846156,0.24773053033922596,0.3524027459954233
448,frozenset({'PLASTERS IN TIN CIRCUS PARADE '}),"frozenset({'POSTAGE', 'ROUND SNACK BOXES SET OF 4 FRUITS '})",0.0945273631840796,0.11442786069651742,0.03648424543946932,0.38596491228070173,3.37299771167048,1.0,0.02566768149303235,1.4422174840085287,0.776973026973027,0.21153846153846156,0.3066232998225901,0.3524027459954233
449,frozenset({'ROUND SNACK BOXES SET OF 4 FRUITS '}),"frozenset({'PLASTERS IN TIN CIRCUS PARADE ', 'POSTAGE'})",0.12935323383084577,0.07628524046434494,0.03648424543946932,0.28205128205128205,3.697324414715719,1.0,0.026616502891842614,1.2866027007818053,0.8379220779220778,0.2156862745098039,0.22275928739124431,0.3801560758082497
450,"frozenset({'PLASTERS IN TIN CIRCUS PARADE ', 'POSTAGE'})",frozenset({'ROUND SNACK BOXES SET OF4 WOODLAND '}),0.07628524046434494,0.19734660033167495,0.03814262023217247,0.5,2.5336134453781516,1.0,0.023087987371049674,1.60530679933665,0.6552962298025135,0.1619718309859155,0.37706611570247933,0.34663865546218486
451,"frozenset({'PLASTERS IN TIN CIRCUS PARADE ', 'ROUND SNACK BOXES SET OF4 WOODLAND '})",frozenset({'POSTAGE'}),0.04477611940298507,0.6351575456053068,0.03814262023217247,0.8518518518518519,1.3411662315056572,1.0,0.009702730130442316,2.4626865671641793,0.266304347826087,0.05943152454780362,0.593939393939394,0.4559520355865003
452,"frozenset({'POSTAGE', 'ROUND SNACK BOXES SET OF4 WOODLAND '})",frozenset({'PLASTERS IN TIN CIRCUS PARADE '}),0.17081260364842454,0.0945273631840796,0.03814262023217247,0.22330097087378642,2.362289218191109,1.0,0.021996155210679602,1.1657960199004975,0.6954782608695651,0.1678832116788321,0.1422170062946762,0.3134048714018055
453,frozenset({'PLASTERS IN TIN CIRCUS PARADE '}),"frozenset({'POSTAGE', 'ROUND SNACK BOXES SET OF4 WOODLAND '})",0.0945273631840796,0.17081260364842454,0.03814262023217247,0.40350877192982454,2.362289218191109,1.0,0.021996155210679602,1.3901082821188175,0.6368848542761586,0.1678832116788321,0.2806315789473684,0.3134048714018055
454,"frozenset({'PLASTERS IN TIN CIRCUS PARADE ', 'ROUND SNACK BOXES SET OF4 WOODLAND '})",frozenset({'ROUND SNACK BOXES SET OF 4 FRUITS '}),0.04477611940298507,0.12935323383084577,0.03150912106135987,0.7037037037037038,5.440170940170941,1.0,0.025717185218187673,2.938432835820897,0.8544407894736843,0.22093023255813957,0.6596825396825399,0.4736467236467237
455,"frozenset({'PLASTERS IN TIN CIRCUS PARADE ', 'ROUND SNACK BOXES SET OF 4 FRUITS '})",frozenset({'ROUND SNACK BOXES SET OF4 WOODLAND '}),0.03980099502487562,0.19734660033167495,0.03150912106135987,0.7916666666666667,4.01155462184874,1.0,0.02365453000338276,3.8527363184079615,0.7818380147259342,0.15322580645161293,0.7404442148760332,0.4756652661064426
456,"frozenset({'ROUND SNACK BOXES SET OF 4 FRUITS ', 'ROUND SNACK BOXES SET OF4 WOODLAND '})",frozenset({'PLASTERS IN TIN CIRCUS PARADE '}),0.10281923714759536,0.0945273631840796,0.03150912106135987,0.3064516129032258,3.241935483870968,1.0,0.021789889689199114,1.3055651972694664,0.7707948243992606,0.19000000000000003,0.23404820985466146,0.3198924731182796
457,frozenset({'PLASTERS IN TIN CIRCUS PARADE '}),"frozenset({'ROUND SNACK BOXES SET OF 4 FRUITS ', 'ROUND SNACK BOXES SET OF4 WOODLAND '})",0.0945273631840796,0.10281923714759536,0.03150912106135987,0.33333333333333337,3.241935483870968,1.0,0.021789889689199114,1.3457711442786071,0.7637362637362638,0.19000000000000003,0.2569316081330869,0.3198924731182796
458,frozenset({'ROUND SNACK BOXES SET OF 4 FRUITS '}),"frozenset({'PLASTERS IN TIN CIRCUS PARADE ', 'ROUND SNACK BOXES SET OF4 WOODLAND '})",0.12935323383084577,0.04477611940298507,0.03150912106135987,0.2435897435897436,5.440170940170941,1.0,0.025717185218187673,1.2628383506197824,0.9374436090225564,0.22093023255813957,0.20813301282051286,0.4736467236467237
459,"frozenset({'PLASTERS IN TIN SPACEBOY', 'POSTAGE'})",frozenset({'PLASTERS IN TIN STRONGMAN'}),0.07628524046434494,0.05638474295190713,0.02321724709784411,0.3043478260869565,5.397698209718669,1.0,0.0189159234232376,1.3564469320066337,0.8820210310335984,0.2121212121212121,0.2627798578742263,0.3580562659846547
460,"frozenset({'PLASTERS IN TIN SPACEBOY', 'PLASTERS IN TIN STRONGMAN'})",frozenset({'POSTAGE'}),0.02321724709784411,0.6351575456053068,0.02321724709784411,1.0,1.5744125326370757,1.0,0.008470637415465514,inf,0.3735144312393888,0.03655352480417754,1.0,0.5182767624020888
461,"frozenset({'POSTAGE', 'PLASTERS IN TIN STRONGMAN'})",frozenset({'PLASTERS IN TIN SPACEBOY'}),0.05140961857379768,0.0845771144278607,0.02321724709784411,0.4516129032258064,5.33965844402277,1.0,0.01886916990503535,1.6693005560433127,0.8567682317682316,0.2058823529411765,0.4009467040673211,0.3630613535736875
462,frozenset({'PLASTERS IN TIN SPACEBOY'}),"frozenset({'POSTAGE', 'PLASTERS IN TIN STRONGMAN'})",0.0845771144278607,0.05140961857379768,0.02321724709784411,0.2745098039215686,5.33965844402277,1.0,0.01886916990503535,1.307516471695576,0.887810559006211,0.2058823529411765,0.23519127930892633,0.3630613535736875
463,frozenset({'PLASTERS IN TIN STRONGMAN'}),"frozenset({'PLASTERS IN TIN SPACEBOY', 'POSTAGE'})",0.05638474295190713,0.07628524046434494,0.02321724709784411,0.4117647058823529,5.39769820971867,1.0,0.0189159234232376,1.5703150912106136,0.8634195330153152,0.2121212121212121,0.3631851304255993,0.3580562659846547
464,"frozenset({'PLASTERS IN TIN SPACEBOY', 'POSTAGE'})",frozenset({'PLASTERS IN TIN WOODLAND ANIMALS'}),0.07628524046434494,0.10945273631840796,0.04145936981757877,0.5434782608695652,4.965415019762846,1.0,0.033109741508048476,1.9507225775882493,0.8645601436265707,0.2873563218390805,0.4873694437697352,0.461133069828722
465,"frozenset({'PLASTERS IN TIN SPACEBOY', 'PLASTERS IN TIN WOODLAND ANIMALS'})",frozenset({'POSTAGE'}),0.04809286898839138,0.6351575456053068,0.04145936981757877,0.8620689655172413,1.3572521833078237,1.0,0.01091282118979453,2.645107794361525,0.27651567944250866,0.06459948320413436,0.6219435736677115,0.4636715584766363
466,"frozenset({'POSTAGE', 'PLASTERS IN TIN WOODLAND ANIMALS'})",frozenset({'PLASTERS IN TIN SPACEBOY'}),0.08955223880597014,0.0845771144278607,0.04145936981757877,0.46296296296296297,5.473856209150327,1.0,0.033885299868815125,1.7045805455481218,0.8977049180327868,0.31250000000000006,0.41334541062801927,0.47657952069716775
467,frozenset({'PLASTERS IN TIN SPACEBOY'}),"frozenset({'POSTAGE', 'PLASTERS IN TIN WOODLAND ANIMALS'})",0.0845771144278607,0.08955223880597014,0.04145936981757877,0.49019607843137253,5.473856209150327,1.0,0.033885299868815125,1.785878300803674,0.8928260869565215,0.31250000000000006,0.44005143040822886,0.47657952069716775
468,frozenset({'PLASTERS IN TIN WOODLAND ANIMALS'}),"frozenset({'PLASTERS IN TIN SPACEBOY', 'POSTAGE'})",0.10945273631840796,0.07628524046434494,0.04145936981757877,0.3787878787878788,4.965415019762846,1.0,0.033109741508048476,1.486955466569591,0.8967597765363128,0.2873563218390805,0.3274849028888526,0.461133069828722
469,"frozenset({'PLASTERS IN TIN SPACEBOY', 'PLASTERS IN TIN WOODLAND ANIMALS'})",frozenset({'ROUND SNACK BOXES SET OF4 WOODLAND '}),0.04809286898839138,0.19734660033167495,0.026533996683250415,0.5517241379310345,2.795711388003477,1.0,0.017043032488194738,1.7905345069524174,0.6747604529616725,0.12121212121212122,0.4415075520091194,0.34308895972181974
470,"frozenset({'PLASTERS IN TIN SPACEBOY', 'ROUND SNACK BOXES SET OF4 WOODLAND '})",frozenset({'PLASTERS IN TIN WOODLAND ANIMALS'}),0.03648424543946932,0.10945273631840796,0.026533996683250415,0.7272727272727273,6.644628099173554,1.0,0.0225406961873881,3.2653399668325047,0.8816695352839932,0.22222222222222224,0.6937531742001016,0.48484848484848486
471,"frozenset({'PLASTERS IN TIN WOODLAND ANIMALS', 'ROUND SNACK BOXES SET OF4 WOODLAND '})",frozenset({'PLASTERS IN TIN SPACEBOY'}),0.05638474295190713,0.0845771144278607,0.026533996683250415,0.47058823529411764,5.56401384083045,1.0,0.021765137826621456,1.7291321171918188,0.8692882249560633,0.23188405797101452,0.4216751918158567,0.39215686274509803
472,frozenset({'PLASTERS IN TIN SPACEBOY'}),"frozenset({'PLASTERS IN TIN WOODLAND ANIMALS', 'ROUND SNACK BOXES SET OF4 WOODLAND '})",0.0845771144278607,0.05638474295190713,0.026533996683250415,0.3137254901960784,5.56401384083045,1.0,0.021765137826621456,1.3749822316986497,0.8960597826086957,0.23188405797101452,0.2727178744960198,0.39215686274509803
473,frozenset({'PLASTERS IN TIN WOODLAND ANIMALS'}),"frozenset({'PLASTERS IN TIN SPACEBOY', 'ROUND SNACK BOXES SET OF4 WOODLAND '})",0.10945273631840796,0.03648424543946932,0.026533996683250415,0.24242424242424243,6.644628099173554,1.0,0.0225406961873881,1.2718407960199005,0.9539106145251396,0.22222222222222224,0.21373806915975593,0.48484848484848486
474,"frozenset({'PLASTERS IN TIN SPACEBOY', 'POSTAGE'})",frozenset({'ROUND SNACK BOXES SET OF 4 FRUITS '}),0.07628524046434494,0.12935323383084577,0.026533996683250415,0.34782608695652173,2.688963210702341,1.0,0.016666254135623705,1.3349917081260365,0.6799820466786355,0.14814814814814814,0.2509316770186335,0.27647714604236345
475,"frozenset({'PLASTERS IN TIN SPACEBOY', 'ROUND SNACK BOXES SET OF 4 FRUITS '})",frozenset({'POSTAGE'}),0.026533996683250415,0.6351575456053068,0.026533996683250415,1.0,1.5744125326370757,1.0,0.00968072847481773,inf,0.3747870528109029,0.04177545691906005,1.0,0.52088772845953
476,"frozenset({'POSTAGE', 'ROUND SNACK BOXES SET OF 4 FRUITS '})",frozenset({'PLASTERS IN TIN SPACEBOY'}),0.11442786069651742,0.0845771144278607,0.026533996683250415,0.2318840579710145,2.741687979539642,1.0,0.016856018415385757,1.1917769642354268,0.7173455056179775,0.15384615384615383,0.16091682419659734,0.2728047740835465
477,frozenset({'PLASTERS IN TIN SPACEBOY'}),"frozenset({'POSTAGE', 'ROUND SNACK BOXES SET OF 4 FRUITS '})",0.0845771144278607,0.11442786069651742,0.026533996683250415,0.3137254901960784,2.7416879795396416,1.0,0.016856018415385757,1.2904051172707889,0.693953804347826,0.15384615384615383,0.22504957038995374,0.2728047740835465
478,frozenset({'ROUND SNACK BOXES SET OF 4 FRUITS '}),"frozenset({'PLASTERS IN TIN SPACEBOY', 'POSTAGE'})",0.12935323383084577,0.07628524046434494,0.026533996683250415,0.20512820512820515,2.6889632107023416,1.0,0.016666254135623705,1.1620927619964694,0.7214285714285714,0.14814814814814814,0.1394834967545919,0.27647714604236345
479,"frozenset({'PLASTERS IN TIN SPACEBOY', 'POSTAGE'})",frozenset({'ROUND SNACK BOXES SET OF4 WOODLAND '}),0.07628524046434494,0.19734660033167495,0.03316749585406302,0.4347826086956522,2.203142126415784,1.0,0.018112862992940224,1.420079091720883,0.5912028725314185,0.13793103448275865,0.29581386992454195,0.30142491779320424
480,"frozenset({'PLASTERS IN TIN SPACEBOY', 'ROUND SNACK BOXES SET OF4 WOODLAND '})",frozenset({'POSTAGE'}),0.03648424543946932,0.6351575456053068,0.03316749585406302,0.9090909090909092,1.43128412057916,1.0,0.009994252067468078,4.013266998341629,0.3127366609294321,0.05194805194805195,0.7508264462809919,0.48065511511986714
481,frozenset({'PLASTERS IN TIN SPACEBOY'}),"frozenset({'POSTAGE', 'ROUND SNACK BOXES SET OF4 WOODLAND '})",0.0845771144278607,0.17081260364842454,0.03316749585406302,0.39215686274509803,2.2958309537407198,1.0,0.0187206587295694,1.364147006900979,0.6165760869565217,0.1492537313432836,0.26694117647058824,0.2931658100133257
482,"frozenset({'POSTAGE', 'PLASTERS IN TIN WOODLAND ANIMALS'})",frozenset({'PLASTERS IN TIN STRONGMAN'}),0.08955223880597014,0.05638474295190713,0.024875621890547265,0.2777777777777778,4.926470588235294,1.0,0.019826241924704835,1.3065442020665903,0.8754098360655738,0.20547945205479454,0.23462214411247803,0.3594771241830066
483,"frozenset({'POSTAGE', 'PLASTERS IN TIN STRONGMAN'})",frozenset({'PLASTERS IN TIN WOODLAND ANIMALS'}),0.05140961857379768,0.10945273631840796,0.024875621890547265,0.4838709677419355,4.4208211143695015,1.0,0.01924869846455946,1.7254353233830848,0.8157342657342657,0.1829268292682927,0.420436114615246,0.3555718475073314
484,"frozenset({'PLASTERS IN TIN STRONGMAN', 'PLASTERS IN TIN WOODLAND ANIMALS'})",frozenset({'POSTAGE'}),0.028192371475953566,0.6351575456053068,0.024875621890547265,0.8823529411764707,1.3891875287974198,1.0,0.006969024419087536,3.1011608623548943,0.28828213879408415,0.03896103896103897,0.677540106951872,0.4607587160190447
485,frozenset({'PLASTERS IN TIN WOODLAND ANIMALS'}),"frozenset({'POSTAGE', 'PLASTERS IN TIN STRONGMAN'})",0.10945273631840796,0.05140961857379768,0.024875621890547265,0.2272727272727273,4.4208211143695015,1.0,0.01924869846455946,1.2275875524339088,0.868901303538175,0.1829268292682927,0.18539415130324224,0.3555718475073314
486,frozenset({'PLASTERS IN TIN STRONGMAN'}),"frozenset({'POSTAGE', 'PLASTERS IN TIN WOODLAND ANIMALS'})",0.05638474295190713,0.08955223880597014,0.024875621890547265,0.44117647058823534,4.926470588235295,1.0,0.019826241924704835,1.629222309505106,0.844639718804921,0.20547945205479454,0.38621022179363557,0.3594771241830066
487,"frozenset({'POSTAGE', 'PLASTERS IN TIN STRONGMAN'})",frozenset({'ROUND SNACK BOXES SET OF 4 FRUITS '}),0.05140961857379768,0.12935323383084577,0.02155887230514096,0.4193548387096774,3.2419354838709675,1.0,0.014908871892609917,1.4994472084024322,0.729020979020979,0.13541666666666666,0.33308755760368663,0.293010752688172
488,"frozenset({'PLASTERS IN TIN STRONGMAN', 'ROUND SNACK BOXES SET OF 4 FRUITS '})",frozenset({'POSTAGE'}),0.02155887230514096,0.6351575456053068,0.02155887230514096,1.0,1.5744125326370757,1.0,0.007865591885789405,inf,0.3728813559322034,0.03394255874673629,1.0,0.5169712793733682
489,frozenset({'PLASTERS IN TIN STRONGMAN'}),"frozenset({'POSTAGE', 'ROUND SNACK BOXES SET OF 4 FRUITS '})",0.05638474295190713,0.11442786069651742,0.02155887230514096,0.38235294117647056,3.3414322250639383,1.0,0.015106886793231189,1.4337834636342097,0.7425983506827091,0.14444444444444446,0.3025446133509583,0.2853793691389599
490,"frozenset({'POSTAGE', 'PLASTERS IN TIN STRONGMAN'})",frozenset({'ROUND SNACK BOXES SET OF4 WOODLAND '}),0.05140961857379768,0.19734660033167495,0.02155887230514096,0.4193548387096774,2.124966115478449,1.0,0.011413358855253858,1.3823475216510042,0.5580957504034427,0.09489051094890512,0.2765929085577179,0.26429926809433446
491,"frozenset({'PLASTERS IN TIN STRONGMAN', 'ROUND SNACK BOXES SET OF4 WOODLAND '})",frozenset({'POSTAGE'}),0.02321724709784411,0.6351575456053068,0.02155887230514096,0.9285714285714286,1.4619544945915703,1.0,0.006812262622762364,5.107794361525707,0.3234948413216665,0.033854166666666664,0.8042207792207793,0.4812569936590824
492,frozenset({'PLASTERS IN TIN STRONGMAN'}),"frozenset({'POSTAGE', 'ROUND SNACK BOXES SET OF4 WOODLAND '})",0.05638474295190713,0.17081260364842454,0.02155887230514096,0.38235294117647056,2.2384351798972015,1.0,0.011927647555478548,1.3424938798073125,0.5863187778829254,0.10483870967741934,0.2551176470588235,0.2542832667047401
493,"frozenset({'POSTAGE', 'PLASTERS IN TIN WOODLAND ANIMALS'})",frozenset({'ROUND SNACK BOXES SET OF 4 FRUITS '}),0.08955223880597014,0.12935323383084577,0.03482587064676617,0.38888888888888895,3.006410256410257,1.0,0.023241998960421773,1.424694708276798,0.7330210772833724,0.1891891891891892,0.2980952380952382,0.3290598290598291
494,"frozenset({'POSTAGE', 'ROUND SNACK BOXES SET OF 4 FRUITS '})",frozenset({'PLASTERS IN TIN WOODLAND ANIMALS'}),0.11442786069651742,0.10945273631840796,0.03482587064676617,0.30434782608695654,2.780632411067194,1.0,0.02230142818247073,1.2801616915422886,0.7231139646869984,0.1842105263157895,0.21884867622054896,0.31126482213438733
495,"frozenset({'PLASTERS IN TIN WOODLAND ANIMALS', 'ROUND SNACK BOXES SET OF 4 FRUITS '})",frozenset({'POSTAGE'}),0.03648424543946932,0.6351575456053068,0.03482587064676617,0.9545454545454546,1.5028483266081178,1.0,0.011652626860171229,8.026533996683257,0.34726661749036963,0.0546875,0.875413223140496,0.5046878708758604
496,frozenset({'PLASTERS IN TIN WOODLAND ANIMALS'}),"frozenset({'POSTAGE', 'ROUND SNACK BOXES SET OF 4 FRUITS '})",0.10945273631840796,0.11442786069651742,0.03482587064676617,0.3181818181818182,2.7806324110671934,1.0,0.02230142818247073,1.2988391376451076,0.7190742218675179,0.1842105263157895,0.23008171603677222,0.31126482213438733
497,frozenset({'ROUND SNACK BOXES SET OF 4 FRUITS '}),"frozenset({'POSTAGE', 'PLASTERS IN TIN WOODLAND ANIMALS'})",0.12935323383084577,0.08955223880597014,0.03482587064676617,0.2692307692307693,3.0064102564102573,1.0,0.023241998960421773,1.2458758837391988,0.7665306122448979,0.1891891891891892,0.19735182849936955,0.3290598290598291
498,"frozenset({'POSTAGE', 'PLASTERS IN TIN WOODLAND ANIMALS'})",frozenset({'ROUND SNACK BOXES SET OF4 WOODLAND '}),0.08955223880597014,0.19734660033167495,0.04975124378109453,0.5555555555555556,2.8151260504201683,1.0,0.03207841390064603,1.8059701492537314,0.7081967213114755,0.20979020979020982,0.4462809917355372,0.403828197945845
499,"frozenset({'POSTAGE', 'ROUND SNACK BOXES SET OF4 WOODLAND '})",frozenset({'PLASTERS IN TIN WOODLAND ANIMALS'}),0.17081260364842454,0.10945273631840796,0.04975124378109453,0.29126213592233013,2.66107678729038,1.0,0.03105533691410279,1.2565255912219726,0.7528,0.21582733812949642,0.20415468894071706,0.3729037952338924
500,"frozenset({'PLASTERS IN TIN WOODLAND ANIMALS', 'ROUND SNACK BOXES SET OF4 WOODLAND '})",frozenset({'POSTAGE'}),0.05638474295190713,0.6351575456053068,0.04975124378109453,0.8823529411764707,1.3891875287974198,1.0,0.013938048838175073,3.1011608623548943,0.2968951376684241,0.07751937984496125,0.677540106951872,0.48034096144985416
501,frozenset({'PLASTERS IN TIN WOODLAND ANIMALS'}),"frozenset({'POSTAGE', 'ROUND SNACK BOXES SET OF4 WOODLAND '})",0.10945273631840796,0.17081260364842454,0.04975124378109453,0.4545454545454546,2.6610767872903796,1.0,0.03105533691410279,1.5201768933112219,0.7009310986964619,0.21582733812949642,0.34218181818181825,0.3729037952338924
502,frozenset({'ROUND SNACK BOXES SET OF4 WOODLAND '}),"frozenset({'POSTAGE', 'PLASTERS IN TIN WOODLAND ANIMALS'})",0.19734660033167495,0.08955223880597014,0.04975124378109453,0.2521008403361345,2.8151260504201687,1.0,0.03207841390064603,1.2173402649672982,0.803305785123967,0.20979020979020982,0.17853698856591826,0.403828197945845
503,"frozenset({'WOODLAND CHARLOTTE BAG', 'POSTAGE'})",frozenset({'PLASTERS IN TIN WOODLAND ANIMALS'}),0.087893864013267,0.10945273631840796,0.02155887230514096,0.2452830188679245,2.240994854202401,1.0,0.011938648383290841,1.1799751243781094,0.6071328671328671,0.12264150943396228,0.15252450722040684,0.22112635791881075
504,"frozenset({'WOODLAND CHARLOTTE BAG', 'PLASTERS IN TIN WOODLAND ANIMALS'})",frozenset({'POSTAGE'}),0.024875621890547265,0.6351575456053068,0.02155887230514096,0.8666666666666666,1.3644908616187987,1.0,0.005758933359735319,2.7363184079601974,0.27394034536891676,0.033766233766233764,0.6345454545454543,0.4503046127067014
505,"frozenset({'POSTAGE', 'PLASTERS IN TIN WOODLAND ANIMALS'})",frozenset({'WOODLAND CHARLOTTE BAG'}),0.08955223880597014,0.0978441127694859,0.02155887230514096,0.24074074074074076,2.46045197740113,1.0,0.012796712952649687,1.1882053148889697,0.651954602774275,0.13000000000000003,0.15839460784313728,0.23053986189579412
506,frozenset({'WOODLAND CHARLOTTE BAG'}),"frozenset({'POSTAGE', 'PLASTERS IN TIN WOODLAND ANIMALS'})",0.0978441127694859,0.08955223880597014,0.02155887230514096,0.22033898305084745,2.46045197740113,1.0,0.012796712952649687,1.1677482154445165,0.6579468325791855,0.13000000000000003,0.14365101417060294,0.23053986189579412
507,"frozenset({'PLASTERS IN TIN WOODLAND ANIMALS', 'ROUND SNACK BOXES SET OF4 WOODLAND '})",frozenset({'ROUND SNACK BOXES SET OF 4 FRUITS '}),0.05638474295190713,0.12935323383084577,0.03150912106135987,0.5588235294117647,4.3201357466063355,1.0,0.024215572221809693,1.9734660033167497,0.8144482471556748,0.20430107526881722,0.49327731092436977,0.40120663650075417
508,"frozenset({'PLASTERS IN TIN WOODLAND ANIMALS', 'ROUND SNACK BOXES SET OF 4 FRUITS '})",frozenset({'ROUND SNACK BOXES SET OF4 WOODLAND '}),0.03648424543946932,0.19734660033167495,0.03150912106135987,0.8636363636363636,4.376241405653171,1.0,0.024309079258214183,5.886124930901051,0.8007065857414623,0.1557377049180328,0.8301089406461307,0.5116501145912911
509,"frozenset({'ROUND SNACK BOXES SET OF 4 FRUITS ', 'ROUND SNACK BOXES SET OF4 WOODLAND '})",frozenset({'PLASTERS IN TIN WOODLAND ANIMALS'}),0.10281923714759536,0.10945273631840796,0.03150912106135987,0.3064516129032258,2.7998533724340176,1.0,0.020255274209384257,1.2840448918199698,0.7165093880727696,0.1743119266055046,0.22121102901423678,0.29716520039100686
510,frozenset({'PLASTERS IN TIN WOODLAND ANIMALS'}),"frozenset({'ROUND SNACK BOXES SET OF 4 FRUITS ', 'ROUND SNACK BOXES SET OF4 WOODLAND '})",0.10945273631840796,0.10281923714759536,0.03150912106135987,0.2878787878787879,2.7998533724340176,1.0,0.020255274209384257,1.2598708584735894,0.7218465157306674,0.1743119266055046,0.206267854142161,0.29716520039100686
511,frozenset({'ROUND SNACK BOXES SET OF 4 FRUITS '}),"frozenset({'PLASTERS IN TIN WOODLAND ANIMALS', 'ROUND SNACK BOXES SET OF4 WOODLAND '})",0.12935323383084577,0.05638474295190713,0.03150912106135987,0.2435897435897436,4.3201357466063355,1.0,0.024215572221809693,1.2474913567754449,0.8827067669172932,0.20430107526881722,0.19839123969176695,0.40120663650075417
512,"frozenset({'POSTAGE', 'RED  HARMONICA IN BOX '})",frozenset({'ROUND SNACK BOXES SET OF4 WOODLAND '}),0.03482587064676617,0.19734660033167495,0.02155887230514096,0.619047619047619,3.1368547418967583,1.0,0.014686105129410987,2.106965174129353,0.7057890563045202,0.10236220472440945,0.5253837072018889,0.36414565826330525
513,"frozenset({'RED  HARMONICA IN BOX ', 'ROUND SNACK BOXES SET OF4 WOODLAND '})",frozenset({'POSTAGE'}),0.02155887230514096,0.6351575456053068,0.02155887230514096,1.0,1.5744125326370757,1.0,0.007865591885789405,inf,0.3728813559322034,0.03394255874673629,1.0,0.5169712793733682
514,frozenset({'RED  HARMONICA IN BOX '}),"frozenset({'POSTAGE', 'ROUND SNACK BOXES SET OF4 WOODLAND '})",0.03482587064676617,0.17081260364842454,0.02155887230514096,0.619047619047619,3.6241331484049923,1.0,0.015610174665643588,2.176616915422885,0.7501982553528944,0.11711711711711711,0.5405714285714285,0.37263060564031436
515,"frozenset({'POSTAGE', 'RED RETROSPOT CHARLOTTE BAG'})",frozenset({'ROUND SNACK BOXES SET OF4 WOODLAND '}),0.04975124378109453,0.19734660033167495,0.02155887230514096,0.4333333333333333,2.195798319327731,1.0,0.01174063348266957,1.4164471758852795,0.5730970600080547,0.09558823529411765,0.29400826446280987,0.27128851540616244
516,"frozenset({'RED RETROSPOT CHARLOTTE BAG', 'ROUND SNACK BOXES SET OF4 WOODLAND '})",frozenset({'POSTAGE'}),0.02321724709784411,0.6351575456053068,0.02155887230514096,0.9285714285714286,1.4619544945915703,1.0,0.006812262622762364,5.107794361525707,0.3234948413216665,0.033854166666666664,0.8042207792207793,0.4812569936590824
517,frozenset({'RED RETROSPOT CHARLOTTE BAG'}),"frozenset({'POSTAGE', 'ROUND SNACK BOXES SET OF4 WOODLAND '})",0.05306799336650083,0.17081260364842454,0.02155887230514096,0.40624999999999994,2.378337378640776,1.0,0.012494190187811631,1.396526141223706,0.6120167048363194,0.10655737704918031,0.28393749999999995,0.2662317961165048
518,"frozenset({'WOODLAND CHARLOTTE BAG', 'POSTAGE'})",frozenset({'RED RETROSPOT CHARLOTTE BAG'}),0.087893864013267,0.05306799336650083,0.04145936981757877,0.4716981132075471,8.888561320754716,1.0,0.036795018825166594,1.7924070125562659,0.973018181818182,0.4166666666666667,0.44209100221392456,0.6264740566037735
519,"frozenset({'WOODLAND CHARLOTTE BAG', 'RED RETROSPOT CHARLOTTE BAG'})",frozenset({'POSTAGE'}),0.04477611940298507,0.6351575456053068,0.04145936981757877,0.9259259259259259,1.4577893820713663,1.0,0.013019479715848617,4.925373134328359,0.32875000000000004,0.06493506493506493,0.796969696969697,0.4956000386809786
520,"frozenset({'POSTAGE', 'RED RETROSPOT CHARLOTTE BAG'})",frozenset({'WOODLAND CHARLOTTE BAG'}),0.04975124378109453,0.0978441127694859,0.04145936981757877,0.8333333333333333,8.516949152542372,1.0,0.036591503510639174,5.412935323383082,0.9287958115183246,0.39062500000000006,0.8152573529411764,0.6285310734463276
521,frozenset({'WOODLAND CHARLOTTE BAG'}),"frozenset({'POSTAGE', 'RED RETROSPOT CHARLOTTE BAG'})",0.0978441127694859,0.04975124378109453,0.04145936981757877,0.423728813559322,8.516949152542372,1.0,0.036591503510639174,1.6489610769681007,0.9783088235294117,0.39062500000000006,0.3935575472535274,0.6285310734463276
522,frozenset({'RED RETROSPOT CHARLOTTE BAG'}),"frozenset({'WOODLAND CHARLOTTE BAG', 'POSTAGE'})",0.05306799336650083,0.087893864013267,0.04145936981757877,0.78125,8.888561320754716,1.0,0.036795018825166594,4.169628050225065,0.9372329246935202,0.4166666666666667,0.7601704545454545,0.6264740566037735
523,"frozenset({'RED RETROSPOT CUP', 'POSTAGE'})",frozenset({'ROUND SNACK BOXES SET OF4 WOODLAND '}),0.03980099502487562,0.19734660033167495,0.024875621890547265,0.625,3.1670168067226894,1.0,0.01702103083257015,2.1404090657822,0.712607944732297,0.11718750000000001,0.5327995867768595,0.3755252100840336
524,"frozenset({'RED RETROSPOT CUP', 'ROUND SNACK BOXES SET OF4 WOODLAND '})",frozenset({'POSTAGE'}),0.028192371475953566,0.6351575456053068,0.024875621890547265,0.8823529411764707,1.3891875287974198,1.0,0.006969024419087536,3.1011608623548943,0.28828213879408415,0.03896103896103897,0.677540106951872,0.4607587160190447
525,frozenset({'RED RETROSPOT CUP'}),"frozenset({'POSTAGE', 'ROUND SNACK BOXES SET OF4 WOODLAND '})",0.05638474295190713,0.17081260364842454,0.024875621890547265,0.44117647058823534,2.5828098229583096,1.0,0.015244397140884852,1.4838090250501876,0.6494434680726421,0.12295081967213116,0.3260588235294118,0.2934037692747002
526,"frozenset({'POSTAGE', 'RED RETROSPOT MINI CASES'})",frozenset({'ROUND SNACK BOXES SET OF4 WOODLAND '}),0.04145936981757877,0.19734660033167495,0.026533996683250415,0.64,3.243025210084034,1.0,0.01835213099785759,2.2295927768564585,0.7215614186851211,0.125,0.5514876033057852,0.38722689075630257
527,"frozenset({'RED RETROSPOT MINI CASES', 'ROUND SNACK BOXES SET OF4 WOODLAND '})",frozenset({'POSTAGE'}),0.028192371475953566,0.6351575456053068,0.026533996683250415,0.9411764705882353,1.4818000307172476,1.0,0.008627399211790687,6.202321724709783,0.33457764505119447,0.04166666666666667,0.8387700534759358,0.49147596375364766
528,frozenset({'RED RETROSPOT MINI CASES'}),"frozenset({'POSTAGE', 'ROUND SNACK BOXES SET OF4 WOODLAND '})",0.04975124378109453,0.17081260364842454,0.026533996683250415,0.5333333333333333,3.1223300970873784,1.0,0.01803585719825417,1.7768301350390903,0.7153141361256544,0.13675213675213674,0.4372,0.34433656957928804
529,"frozenset({'RED STRIPE CERAMIC DRAWER KNOB', 'POSTAGE'})",frozenset({'WHITE SPOT RED CERAMIC DRAWER KNOB'}),0.028192371475953566,0.04145936981757877,0.02155887230514096,0.7647058823529411,18.44470588235294,1.0,0.020390034350084844,4.073797678275289,0.9732213179312157,0.44827586206896547,0.754528801139833,0.6423529411764706
530,"frozenset({'RED STRIPE CERAMIC DRAWER KNOB', 'WHITE SPOT RED CERAMIC DRAWER KNOB'})",frozenset({'POSTAGE'}),0.026533996683250415,0.6351575456053068,0.02155887230514096,0.8124999999999999,1.2792101827676239,1.0,0.0047056040967082755,1.9458264234383627,0.22421700956624288,0.03367875647668394,0.4860795454545452,0.42322127937336806
531,"frozenset({'POSTAGE', 'WHITE SPOT RED CERAMIC DRAWER KNOB'})",frozenset({'RED STRIPE CERAMIC DRAWER KNOB'}),0.03316749585406302,0.03814262023217247,0.02155887230514096,0.6499999999999999,17.041304347826085,1.0,0.02029377710672728,2.7481639421937922,0.9736112943660112,0.43333333333333324,0.6361206896551723,0.6076086956521738
532,frozenset({'RED STRIPE CERAMIC DRAWER KNOB'}),"frozenset({'POSTAGE', 'WHITE SPOT RED CERAMIC DRAWER KNOB'})",0.03814262023217247,0.03316749585406302,0.02155887230514096,0.5652173913043478,17.041304347826085,1.0,0.02029377710672728,2.223714759535655,0.9786472148541113,0.43333333333333324,0.5503020359460064,0.6076086956521738
533,frozenset({'WHITE SPOT RED CERAMIC DRAWER KNOB'}),"frozenset({'RED STRIPE CERAMIC DRAWER KNOB', 'POSTAGE'})",0.04145936981757877,0.028192371475953566,0.02155887230514096,0.52,18.44470588235294,1.0,0.020390034350084844,2.0245992260917633,0.9866915091828588,0.44827586206896547,0.5060750853242321,0.6423529411764706
534,"frozenset({'RED TOADSTOOL LED NIGHT LIGHT', 'POSTAGE'})",frozenset({'ROUND SNACK BOXES SET OF4 WOODLAND '}),0.06135986733001658,0.19734660033167495,0.03150912106135987,0.5135135135135136,2.602089484442426,1.0,0.01939995984697849,1.6498986548737795,0.6559419750790404,0.13868613138686134,0.39390216662943944,0.33658868952986604
535,"frozenset({'RED TOADSTOOL LED NIGHT LIGHT', 'ROUND SNACK BOXES SET OF4 WOODLAND '})",frozenset({'POSTAGE'}),0.03648424543946932,0.6351575456053068,0.03150912106135987,0.8636363636363636,1.3597199145502017,1.0,0.008335877274764928,2.6755113322277504,0.2745719720989221,0.04922279792746115,0.6262396694214877,0.45662235936387374
536,frozenset({'RED TOADSTOOL LED NIGHT LIGHT'}),"frozenset({'POSTAGE', 'ROUND SNACK BOXES SET OF4 WOODLAND '})",0.0779436152570481,0.17081260364842454,0.03150912106135987,0.40425531914893614,2.366659781036976,1.0,0.01819536920153242,1.3918502724472874,0.6262779250283984,0.1450381679389313,0.281531914893617,0.2943606692832059
537,"frozenset({'WOODLAND CHARLOTTE BAG', 'RED TOADSTOOL LED NIGHT LIGHT'})",frozenset({'POSTAGE'}),0.028192371475953566,0.6351575456053068,0.026533996683250415,0.9411764705882353,1.4818000307172476,1.0,0.008627399211790687,6.202321724709783,0.33457764505119447,0.04166666666666667,0.8387700534759358,0.49147596375364766
538,"frozenset({'WOODLAND CHARLOTTE BAG', 'POSTAGE'})",frozenset({'RED TOADSTOOL LED NIGHT LIGHT'}),0.087893864013267,0.0779436152570481,0.026533996683250415,0.3018867924528302,3.8731433159373743,1.0,0.019683231163145028,1.3207834700372012,0.8132954545454547,0.19047619047619044,0.24287362562779963,0.3211561621838619
539,"frozenset({'RED TOADSTOOL LED NIGHT LIGHT', 'POSTAGE'})",frozenset({'WOODLAND CHARLOTTE BAG'}),0.06135986733001658,0.0978441127694859,0.026533996683250415,0.43243243243243246,4.419606046724691,1.0,0.02053029490469158,1.5895127536918583,0.8243153710247351,0.19999999999999998,0.37087639109697934,0.35180943655519925
540,frozenset({'WOODLAND CHARLOTTE BAG'}),"frozenset({'RED TOADSTOOL LED NIGHT LIGHT', 'POSTAGE'})",0.0978441127694859,0.06135986733001658,0.026533996683250415,0.2711864406779661,4.419606046724691,1.0,0.02053029490469158,1.2879015773843956,0.8576516544117647,0.19999999999999998,0.22354315146433493,0.35180943655519925
541,frozenset({'RED TOADSTOOL LED NIGHT LIGHT'}),"frozenset({'WOODLAND CHARLOTTE BAG', 'POSTAGE'})",0.0779436152570481,0.087893864013267,0.026533996683250415,0.3404255319148936,3.8731433159373743,1.0,0.019683231163145028,1.3828705932702081,0.8045188848920863,0.19047619047619044,0.27686653771760156,0.3211561621838619
542,"frozenset({'REGENCY CAKESTAND 3 TIER', 'POSTAGE'})",frozenset({'ROUND SNACK BOXES SET OF4 WOODLAND '}),0.0912106135986733,0.19734660033167495,0.028192371475953566,0.3090909090909091,1.5662337662337662,1.0,0.01019226696808935,1.1617351837304704,0.39781021897810226,0.10828025477707005,0.13921863260706235,0.225974025974026
543,"frozenset({'REGENCY CAKESTAND 3 TIER', 'ROUND SNACK BOXES SET OF4 WOODLAND '})",frozenset({'POSTAGE'}),0.03316749585406302,0.6351575456053068,0.028192371475953566,0.85,1.3382506527415143,1.0,0.0071257862154127105,2.4322830292979543,0.2614266976087176,0.044041450777202076,0.5888636363636363,0.44719321148825064
544,frozenset({'REGENCY CAKESTAND 3 TIER'}),"frozenset({'POSTAGE', 'ROUND SNACK BOXES SET OF4 WOODLAND '})",0.13432835820895522,0.17081260364842454,0.028192371475953566,0.20987654320987653,1.2286947141316074,1.0,0.005247394866463702,1.0494402985074627,0.2150101419878296,0.10179640718562874,0.0471111111111111,0.18746254344959845
545,"frozenset({'RETROSPOT PARTY BAG + STICKER SET', 'WOODLAND PARTY BAG + STICKER SET'})",frozenset({'POSTAGE'}),0.024875621890547265,0.6351575456053068,0.02155887230514096,0.8666666666666666,1.3644908616187987,1.0,0.005758933359735319,2.7363184079601974,0.27394034536891676,0.033766233766233764,0.6345454545454543,0.4503046127067014
546,"frozenset({'RETROSPOT PARTY BAG + STICKER SET', 'POSTAGE'})",frozenset({'WOODLAND PARTY BAG + STICKER SET'}),0.03814262023217247,0.05472636815920398,0.02155887230514096,0.5652173913043478,10.328063241106719,1.0,0.01947146522775839,2.174129353233831,0.9389920424403184,0.3023255813953488,0.5400457665903889,0.47957839262187085
547,"frozenset({'WOODLAND PARTY BAG + STICKER SET', 'POSTAGE'})",frozenset({'RETROSPOT PARTY BAG + STICKER SET'}),0.04643449419568822,0.05306799336650083,0.02155887230514096,0.4642857142857143,8.748883928571429,1.0,0.019094686875187356,1.767606412382532,0.928829431438127,0.2765957446808511,0.4342631973980486,0.4352678571428571
548,frozenset({'RETROSPOT PARTY BAG + STICKER SET'}),"frozenset({'WOODLAND PARTY BAG + STICKER SET', 'POSTAGE'})",0.05306799336650083,0.04643449419568822,0.02155887230514096,0.40624999999999994,8.748883928571429,1.0,0.019094686875187356,1.606005062407262,0.9353361174727198,0.2765957446808511,0.37733695652173904,0.4352678571428571
549,frozenset({'WOODLAND PARTY BAG + STICKER SET'}),"frozenset({'RETROSPOT PARTY BAG + STICKER SET', 'POSTAGE'})",0.05472636815920398,0.03814262023217247,0.02155887230514096,0.3939393939393939,10.328063241106719,1.0,0.01947146522775839,1.5870646766169152,0.9554655870445344,0.3023255813953488,0.36990595611285265,0.47957839262187085
550,"frozenset({'POSTAGE', 'RETROSPOT TEA SET CERAMIC 11 PC '})",frozenset({'ROUND SNACK BOXES SET OF4 WOODLAND '}),0.04145936981757877,0.19734660033167495,0.02155887230514096,0.52,2.6349579831932775,1.0,0.013377006619748135,1.6721945826423439,0.6473249933457546,0.09923664122137403,0.4019834710743802,0.31462184873949584
551,"frozenset({'RETROSPOT TEA SET CERAMIC 11 PC ', 'ROUND SNACK BOXES SET OF4 WOODLAND '})",frozenset({'POSTAGE'}),0.02155887230514096,0.6351575456053068,0.02155887230514096,1.0,1.5744125326370757,1.0,0.007865591885789405,inf,0.3728813559322034,0.03394255874673629,1.0,0.5169712793733682
552,frozenset({'RETROSPOT TEA SET CERAMIC 11 PC '}),"frozenset({'POSTAGE', 'ROUND SNACK BOXES SET OF4 WOODLAND '})",0.04477611940298507,0.17081260364842454,0.02155887230514096,0.4814814814814815,2.818770226537217,1.0,0.01391054676864434,1.5991471215351813,0.6754807692307693,0.1111111111111111,0.3746666666666667,0.30384753685724564
553,"frozenset({'POSTAGE', 'ROUND SNACK BOXES SET OF4 WOODLAND '})",frozenset({'ROUND SNACK BOXES SET OF 4 FRUITS '}),0.17081260364842454,0.12935323383084577,0.0945273631840796,0.5533980582524272,4.278192681105303,1.0,0.07243220052308937,1.9494916720744104,0.9241052631578948,0.4596774193548388,0.4870457697642164,0.642083644510829
554,"frozenset({'POSTAGE', 'ROUND SNACK BOXES SET OF 4 FRUITS '})",frozenset({'ROUND SNACK BOXES SET OF4 WOODLAND '}),0.11442786069651742,0.19734660033167495,0.0945273631840796,0.8260869565217391,4.185970040189989,1.0,0.07194541389239541,4.615257048092869,0.8594520007884882,0.4351145038167939,0.7833273445921667,0.6525392765801973
555,"frozenset({'ROUND SNACK BOXES SET OF 4 FRUITS ', 'ROUND SNACK BOXES SET OF4 WOODLAND '})",frozenset({'POSTAGE'}),0.10281923714759536,0.6351575456053068,0.0945273631840796,0.9193548387096774,1.4474437800050535,1.0,0.029220948876402947,4.524046434494194,0.3445536206505172,0.14690721649484537,0.7789589442815248,0.5340899519919144
556,frozenset({'ROUND SNACK BOXES SET OF4 WOODLAND '}),"frozenset({'POSTAGE', 'ROUND SNACK BOXES SET OF 4 FRUITS '})",0.19734660033167495,0.11442786069651742,0.0945273631840796,0.4789915966386555,4.185970040189989,1.0,0.07194541389239541,1.6997271705986199,0.948238364506307,0.4351145038167939,0.41167028609196493,0.6525392765801973
557,frozenset({'ROUND SNACK BOXES SET OF 4 FRUITS '}),"frozenset({'POSTAGE', 'ROUND SNACK BOXES SET OF4 WOODLAND '})",0.12935323383084577,0.17081260364842454,0.0945273631840796,0.7307692307692308,4.278192681105303,1.0,0.07243220052308937,3.079838900734424,0.8801002506265665,0.4596774193548388,0.6753076923076924,0.642083644510829
558,"frozenset({'SPACEBOY LUNCH BOX ', 'POSTAGE'})",frozenset({'ROUND SNACK BOXES SET OF 4 FRUITS '}),0.06965174129353234,0.12935323383084577,0.028192371475953566,0.40476190476190477,3.129120879120879,1.0,0.0191826934976857,1.462686567164179,0.7313620635419943,0.16504854368932043,0.3163265306122449,0.31135531135531136
559,"frozenset({'SPACEBOY LUNCH BOX ', 'ROUND SNACK BOXES SET OF 4 FRUITS '})",frozenset({'POSTAGE'}),0.03150912106135987,0.6351575456053068,0.028192371475953566,0.894736842105263,1.4086848976226465,1.0,0.00817911547843975,3.466003316749582,0.2995568090249798,0.04415584415584416,0.7114832535885165,0.4695616325408822
560,"frozenset({'POSTAGE', 'ROUND SNACK BOXES SET OF 4 FRUITS '})",frozenset({'SPACEBOY LUNCH BOX '}),0.11442786069651742,0.07960199004975124,0.028192371475953566,0.24637681159420288,3.095108695652174,1.0,0.019083686047375065,1.2212973593570609,0.764375413086583,0.17,0.18119858989424203,0.3002717391304348
561,frozenset({'SPACEBOY LUNCH BOX '}),"frozenset({'POSTAGE', 'ROUND SNACK BOXES SET OF 4 FRUITS '})",0.07960199004975124,0.11442786069651742,0.028192371475953566,0.3541666666666667,3.095108695652174,1.0,0.019083686047375065,1.3712084737602313,0.7354531001589825,0.17,0.2707162921348315,0.3002717391304348
562,frozenset({'ROUND SNACK BOXES SET OF 4 FRUITS '}),"frozenset({'SPACEBOY LUNCH BOX ', 'POSTAGE'})",0.12935323383084577,0.06965174129353234,0.028192371475953566,0.21794871794871795,3.129120879120879,1.0,0.0191826934976857,1.1896256422804012,0.7815126050420167,0.16504854368932043,0.15939942410530644,0.31135531135531136
563,"frozenset({'STRAWBERRY LUNCH BOX WITH CUTLERY', 'ROUND SNACK BOXES SET OF 4 FRUITS '})",frozenset({'POSTAGE'}),0.02321724709784411,0.6351575456053068,0.02155887230514096,0.9285714285714286,1.4619544945915703,1.0,0.006812262622762364,5.107794361525707,0.3234948413216665,0.033854166666666664,0.8042207792207793,0.4812569936590824
564,"frozenset({'POSTAGE', 'STRAWBERRY LUNCH BOX WITH CUTLERY'})",frozenset({'ROUND SNACK BOXES SET OF 4 FRUITS '}),0.05140961857379768,0.12935323383084577,0.02155887230514096,0.4193548387096774,3.2419354838709675,1.0,0.014908871892609917,1.4994472084024322,0.729020979020979,0.13541666666666666,0.33308755760368663,0.293010752688172
565,frozenset({'STRAWBERRY LUNCH BOX WITH CUTLERY'}),"frozenset({'POSTAGE', 'ROUND SNACK BOXES SET OF 4 FRUITS '})",0.06301824212271974,0.11442786069651742,0.02155887230514096,0.3421052631578947,2.989702517162471,1.0,0.01434782967418298,1.3460696517412933,0.7102791014295439,0.1382978723404255,0.25709639266706086,0.26525553012967196
566,"frozenset({'WOODLAND CHARLOTTE BAG', 'POSTAGE'})",frozenset({'ROUND SNACK BOXES SET OF 4 FRUITS '}),0.087893864013267,0.12935323383084577,0.03150912106135987,0.3584905660377359,2.7714078374455737,1.0,0.020139765517355183,1.3571846649107406,0.7007655502392346,0.16964285714285715,0.26318059299191376,0.30104015481373975
567,"frozenset({'WOODLAND CHARLOTTE BAG', 'ROUND SNACK BOXES SET OF 4 FRUITS '})",frozenset({'POSTAGE'}),0.03648424543946932,0.6351575456053068,0.03150912106135987,0.8636363636363636,1.3597199145502017,1.0,0.008335877274764928,2.6755113322277504,0.2745719720989221,0.04922279792746115,0.6262396694214877,0.45662235936387374
568,"frozenset({'POSTAGE', 'ROUND SNACK BOXES SET OF 4 FRUITS '})",frozenset({'WOODLAND CHARLOTTE BAG'}),0.11442786069651742,0.0978441127694859,0.03150912106135987,0.2753623188405797,2.8142962417096538,1.0,0.020313028555398793,1.2449751243781095,0.7279716144293317,0.1743119266055046,0.19677109974424553,0.29869810857283224
569,frozenset({'WOODLAND CHARLOTTE BAG'}),"frozenset({'POSTAGE', 'ROUND SNACK BOXES SET OF 4 FRUITS '})",0.0978441127694859,0.11442786069651742,0.03150912106135987,0.3220338983050848,2.8142962417096538,1.0,0.020313028555398793,1.3062189054726367,0.7145897832817337,0.1743119266055046,0.23443153685012383,0.29869810857283224
570,frozenset({'ROUND SNACK BOXES SET OF 4 FRUITS '}),"frozenset({'WOODLAND CHARLOTTE BAG', 'POSTAGE'})",0.12935323383084577,0.087893864013267,0.03150912106135987,0.2435897435897436,2.7714078374455733,1.0,0.020139765517355183,1.2058352306265283,0.7341353383458646,0.16964285714285715,0.17069930069930075,0.30104015481373975
571,"frozenset({'SET OF 2 TEA TOWELS APPLE AND PEARS', 'POSTAGE'})",frozenset({'ROUND SNACK BOXES SET OF4 WOODLAND '}),0.03316749585406302,0.19734660033167495,0.02155887230514096,0.6499999999999999,3.2936974789915965,1.0,0.0150133797568267,2.2932954276237854,0.7202797202797203,0.10317460317460317,0.5639462809917354,0.3796218487394958
572,"frozenset({'SET OF 2 TEA TOWELS APPLE AND PEARS', 'ROUND SNACK BOXES SET OF4 WOODLAND '})",frozenset({'POSTAGE'}),0.02321724709784411,0.6351575456053068,0.02155887230514096,0.9285714285714286,1.4619544945915703,1.0,0.006812262622762364,5.107794361525707,0.3234948413216665,0.033854166666666664,0.8042207792207793,0.4812569936590824
573,frozenset({'SET OF 2 TEA TOWELS APPLE AND PEARS'}),"frozenset({'POSTAGE', 'ROUND SNACK BOXES SET OF4 WOODLAND '})",0.03648424543946932,0.17081260364842454,0.02155887230514096,0.5909090909090908,3.4593998234774928,1.0,0.015326903349477047,2.026902524414962,0.7378525089368464,0.11607142857142858,0.5066363636363636,0.35856134157105024
574,"frozenset({'SPACEBOY LUNCH BOX ', 'POSTAGE'})",frozenset({'ROUND SNACK BOXES SET OF4 WOODLAND '}),0.06965174129353234,0.19734660033167495,0.04643449419568822,0.6666666666666666,3.3781512605042017,1.0,0.032688959844228274,2.407960199004975,0.7566844919786095,0.21052631578947367,0.5847107438016529,0.4509803921568627
575,"frozenset({'SPACEBOY LUNCH BOX ', 'ROUND SNACK BOXES SET OF4 WOODLAND '})",frozenset({'POSTAGE'}),0.05472636815920398,0.6351575456053068,0.04643449419568822,0.8484848484848484,1.3358651792072156,1.0,0.011674628515795808,2.407960199004974,0.2659774436090224,0.07216494845360824,0.5847107438016527,0.46079594904660176
576,"frozenset({'POSTAGE', 'ROUND SNACK BOXES SET OF4 WOODLAND '})",frozenset({'SPACEBOY LUNCH BOX '}),0.17081260364842454,0.07960199004975124,0.04643449419568822,0.27184466019417475,3.4150485436893203,1.0,0.032837471019694225,1.2640132669983417,0.8528571428571428,0.22764227642276424,0.20886906323799526,0.427588996763754
577,frozenset({'SPACEBOY LUNCH BOX '}),"frozenset({'POSTAGE', 'ROUND SNACK BOXES SET OF4 WOODLAND '})",0.07960199004975124,0.17081260364842454,0.04643449419568822,0.5833333333333333,3.41504854368932,1.0,0.032837471019694225,1.9900497512437807,0.7683397683397682,0.22764227642276424,0.4974999999999999,0.427588996763754
578,frozenset({'ROUND SNACK BOXES SET OF4 WOODLAND '}),"frozenset({'SPACEBOY LUNCH BOX ', 'POSTAGE'})",0.19734660033167495,0.06965174129353234,0.04643449419568822,0.23529411764705882,3.3781512605042017,1.0,0.032688959844228274,1.216609261385381,0.8770661157024793,0.21052631578947367,0.1780434098773199,0.4509803921568627
579,"frozenset({'POSTAGE', 'STRAWBERRY LUNCH BOX WITH CUTLERY'})",frozenset({'ROUND SNACK BOXES SET OF4 WOODLAND '}),0.05140961857379768,0.19734660033167495,0.03150912106135987,0.6129032258064516,3.105719707237734,1.0,0.021363607611472768,2.0735212824765066,0.7147589252852411,0.14503816793893132,0.5177286057051453,0.38628354567633505
580,"frozenset({'STRAWBERRY LUNCH BOX WITH CUTLERY', 'ROUND SNACK BOXES SET OF4 WOODLAND '})",frozenset({'POSTAGE'}),0.03482587064676617,0.6351575456053068,0.03150912106135987,0.9047619047619048,1.4244684819097353,1.0,0.009389206537791971,3.8308457711442787,0.3087357569180684,0.04935064935064935,0.7389610389610389,0.4771851299266443
581,frozenset({'STRAWBERRY LUNCH BOX WITH CUTLERY'}),"frozenset({'POSTAGE', 'ROUND SNACK BOXES SET OF4 WOODLAND '})",0.06301824212271974,0.17081260364842454,0.03150912106135987,0.5,2.9271844660194173,1.0,0.02074481104703129,1.658374792703151,0.7026548672566372,0.1557377049180328,0.397,0.3422330097087379
582,"frozenset({'WOODLAND CHARLOTTE BAG', 'POSTAGE'})",frozenset({'ROUND SNACK BOXES SET OF4 WOODLAND '}),0.087893864013267,0.19734660033167495,0.04477611940298507,0.5094339622641509,2.5814174726494374,1.0,0.02743056414995228,1.6361780839392779,0.6716498316498316,0.18620689655172415,0.3888195852175269,0.36816235928333596
583,"frozenset({'WOODLAND CHARLOTTE BAG', 'ROUND SNACK BOXES SET OF4 WOODLAND '})",frozenset({'POSTAGE'}),0.04809286898839138,0.6351575456053068,0.04477611940298507,0.9310344827586206,1.4658323579724497,1.0,0.014229570775200831,5.290215588723041,0.3338495289714801,0.07012987012987013,0.8109717868338554,0.5007652831547672
584,"frozenset({'POSTAGE', 'ROUND SNACK BOXES SET OF4 WOODLAND '})",frozenset({'WOODLAND CHARLOTTE BAG'}),0.17081260364842454,0.0978441127694859,0.04477611940298507,0.2621359223300971,2.6791179858482805,1.0,0.028063111749159122,1.2226586366413545,0.7558518518518519,0.19999999999999998,0.18211022272986865,0.35988152048708244
585,frozenset({'WOODLAND CHARLOTTE BAG'}),"frozenset({'POSTAGE', 'ROUND SNACK BOXES SET OF4 WOODLAND '})",0.0978441127694859,0.17081260364842454,0.04477611940298507,0.4576271186440678,2.6791179858482805,1.0,0.028063111749159122,1.5288142620232172,0.6947167755991286,0.19999999999999998,0.3458983050847458,0.35988152048708244
586,frozenset({'ROUND SNACK BOXES SET OF4 WOODLAND '}),"frozenset({'WOODLAND CHARLOTTE BAG', 'POSTAGE'})",0.19734660033167495,0.087893864013267,0.04477611940298507,0.226890756302521,2.581417472649437,1.0,0.02743056414995228,1.1797894585045785,0.7632384450566269,0.18620689655172415,0.1523911382734912,0.36816235928333596
587,"frozenset({'WOODLAND PARTY BAG + STICKER SET', 'POSTAGE'})",frozenset({'ROUND SNACK BOXES SET OF4 WOODLAND '}),0.04643449419568822,0.19734660033167495,0.024875621890547265,0.5357142857142858,2.714585834333734,1.0,0.015711932322907303,1.728791937747162,0.662376811594203,0.11363636363636365,0.42156139315230234,0.3308823529411765
588,"frozenset({'WOODLAND PARTY BAG + STICKER SET', 'ROUND SNACK BOXES SET OF4 WOODLAND '})",frozenset({'POSTAGE'}),0.028192371475953566,0.6351575456053068,0.024875621890547265,0.8823529411764707,1.3891875287974198,1.0,0.006969024419087536,3.1011608623548943,0.28828213879408415,0.03896103896103897,0.677540106951872,0.4607587160190447
589,frozenset({'WOODLAND PARTY BAG + STICKER SET'}),"frozenset({'POSTAGE', 'ROUND SNACK BOXES SET OF4 WOODLAND '})",0.05472636815920398,0.17081260364842454,0.024875621890547265,0.4545454545454546,2.6610767872903796,1.0,0.015527668457051395,1.5201768933112219,0.6603508771929825,0.12396694214876033,0.34218181818181825,0.30008826125330984
590,"frozenset({'SET/6 RED SPOTTY PAPER CUPS', 'POSTAGE'})",frozenset({'SET/6 RED SPOTTY PAPER PLATES'}),0.02321724709784411,0.04311774461028192,0.02155887230514096,0.9285714285714286,21.53571428571429,1.0,0.02055779697422231,13.396351575456059,0.9762308998302207,0.4814814814814814,0.9253528101015103,0.7142857142857143
591,"frozenset({'SET/6 RED SPOTTY PAPER CUPS', 'SET/6 RED SPOTTY PAPER PLATES'})",frozenset({'POSTAGE'}),0.03482587064676617,0.6351575456053068,0.02155887230514096,0.619047619047619,0.9746363297277134,1.0,-0.0005610422184269374,0.9577114427860695,-0.026254826254826294,0.03324808184143223,-0.044155844155844386,0.3264950888971776
592,"frozenset({'POSTAGE', 'SET/6 RED SPOTTY PAPER PLATES'})",frozenset({'SET/6 RED SPOTTY PAPER CUPS'}),0.028192371475953566,0.03980099502487562,0.02155887230514096,0.7647058823529411,19.213235294117645,1.0,0.020436787868287086,4.080845771144277,0.9754528747702809,0.4642857142857143,0.7549527583053947,0.6531862745098038
593,frozenset({'SET/6 RED SPOTTY PAPER CUPS'}),"frozenset({'POSTAGE', 'SET/6 RED SPOTTY PAPER PLATES'})",0.03980099502487562,0.028192371475953566,0.02155887230514096,0.5416666666666666,19.213235294117645,1.0,0.020436787868287086,2.1203075531433737,0.9872459147070545,0.4642857142857143,0.5283703071672354,0.6531862745098038
594,frozenset({'SET/6 RED SPOTTY PAPER PLATES'}),"frozenset({'SET/6 RED SPOTTY PAPER CUPS', 'POSTAGE'})",0.04311774461028192,0.02321724709784411,0.02155887230514096,0.5,21.53571428571429,1.0,0.02055779697422231,1.9535655058043118,0.9965337954939342,0.4814814814814814,0.48811544991511036,0.7142857142857143
595,"frozenset({'POSTAGE', 'SPACEBOY CHILDRENS BOWL'})",frozenset({'SPACEBOY CHILDRENS CUP'}),0.029850746268656716,0.03482587064676617,0.026533996683250415,0.888888888888889,25.523809523809526,1.0,0.02549441845498874,8.68656716417911,0.9903846153846154,0.6956521739130436,0.8848797250859107,0.8253968253968254
596,"frozenset({'POSTAGE', 'SPACEBOY CHILDRENS CUP'})",frozenset({'SPACEBOY CHILDRENS BOWL'}),0.03150912106135987,0.03316749585406302,0.026533996683250415,0.8421052631578947,25.389473684210525,1.0,0.02548891804108259,6.123272526257599,0.9918664383561643,0.6956521739130433,0.8366886341067076,0.8210526315789473
597,"frozenset({'SPACEBOY CHILDRENS BOWL', 'SPACEBOY CHILDRENS CUP'})",frozenset({'POSTAGE'}),0.028192371475953566,0.6351575456053068,0.026533996683250415,0.9411764705882353,1.4818000307172476,1.0,0.008627399211790687,6.202321724709783,0.33457764505119447,0.04166666666666667,0.8387700534759358,0.49147596375364766
598,frozenset({'SPACEBOY CHILDRENS BOWL'}),"frozenset({'POSTAGE', 'SPACEBOY CHILDRENS CUP'})",0.03316749585406302,0.03150912106135987,0.026533996683250415,0.7999999999999999,25.38947368421052,1.0,0.02548891804108259,4.842454394693199,0.9935677530017153,0.6956521739130433,0.7934931506849314,0.8210526315789473
599,frozenset({'SPACEBOY CHILDRENS CUP'}),"frozenset({'POSTAGE', 'SPACEBOY CHILDRENS BOWL'})",0.03482587064676617,0.029850746268656716,0.026533996683250415,0.7619047619047619,25.523809523809522,1.0,0.02549441845498874,4.074626865671641,0.9954896907216494,0.6956521739130436,0.7545787545787546,0.8253968253968254
600,"frozenset({'WOODLAND CHARLOTTE BAG', 'POSTAGE'})",frozenset({'SPACEBOY LUNCH BOX '}),0.087893864013267,0.07960199004975124,0.02321724709784411,0.2641509433962264,3.3183962264150946,1.0,0.016220720609225844,1.250797295573415,0.7659740259740261,0.16091954022988503,0.2005099439061703,0.27790880503144655
601,"frozenset({'WOODLAND CHARLOTTE BAG', 'SPACEBOY LUNCH BOX '})",frozenset({'POSTAGE'}),0.024875621890547265,0.6351575456053068,0.02321724709784411,0.9333333333333332,1.4694516971279372,1.0,0.007417308152438469,5.47263681592039,0.3276239067055393,0.03645833333333333,0.817272727272727,0.48494342906875537
602,"frozenset({'SPACEBOY LUNCH BOX ', 'POSTAGE'})",frozenset({'WOODLAND CHARLOTTE BAG'}),0.06965174129353234,0.0978441127694859,0.02321724709784411,0.3333333333333333,3.406779661016949,1.0,0.016402234268128674,1.353233830845771,0.7593582887700534,0.16091954022988503,0.26102941176470584,0.2853107344632768
603,frozenset({'WOODLAND CHARLOTTE BAG'}),"frozenset({'SPACEBOY LUNCH BOX ', 'POSTAGE'})",0.0978441127694859,0.06965174129353234,0.02321724709784411,0.23728813559322032,3.406779661016949,1.0,0.016402234268128674,1.2197899391929243,0.7830882352941175,0.16091954022988503,0.18018671258950417,0.2853107344632768
604,frozenset({'SPACEBOY LUNCH BOX '}),"frozenset({'WOODLAND CHARLOTTE BAG', 'POSTAGE'})",0.07960199004975124,0.087893864013267,0.02321724709784411,0.29166666666666663,3.3183962264150937,1.0,0.016220720609225844,1.2876792508047994,0.7590733590733592,0.16091954022988503,0.2234090909090909,0.27790880503144655
605,"frozenset({'WHITE SPOT BLUE CERAMIC DRAWER KNOB', 'POSTAGE'})",frozenset({'WHITE SPOT RED CERAMIC DRAWER KNOB'}),0.026533996683250415,0.04145936981757877,0.02155887230514096,0.8124999999999999,19.597499999999997,1.0,0.020458789523911673,5.112216694306244,0.9748394705805268,0.4642857142857143,0.8043901384083044,0.66625
606,"frozenset({'WHITE SPOT BLUE CERAMIC DRAWER KNOB', 'WHITE SPOT RED CERAMIC DRAWER KNOB'})",frozenset({'POSTAGE'}),0.02321724709784411,0.6351575456053068,0.02155887230514096,0.9285714285714286,1.4619544945915703,1.0,0.006812262622762364,5.107794361525707,0.3234948413216665,0.033854166666666664,0.8042207792207793,0.4812569936590824
607,"frozenset({'POSTAGE', 'WHITE SPOT RED CERAMIC DRAWER KNOB'})",frozenset({'WHITE SPOT BLUE CERAMIC DRAWER KNOB'}),0.03316749585406302,0.028192371475953566,0.02155887230514096,0.6499999999999999,23.055882352941172,1.0,0.020623801941096066,2.776593224354418,0.9894445177464045,0.5416666666666666,0.6398464163822525,0.7073529411764705
608,frozenset({'WHITE SPOT BLUE CERAMIC DRAWER KNOB'}),"frozenset({'POSTAGE', 'WHITE SPOT RED CERAMIC DRAWER KNOB'})",0.028192371475953566,0.03316749585406302,0.02155887230514096,0.7647058823529411,23.055882352941175,1.0,0.020623801941096066,4.109038142620231,0.9843791021265424,0.5416666666666666,0.7566340429825446,0.7073529411764705
609,frozenset({'WHITE SPOT RED CERAMIC DRAWER KNOB'}),"frozenset({'WHITE SPOT BLUE CERAMIC DRAWER KNOB', 'POSTAGE'})",0.04145936981757877,0.026533996683250415,0.02155887230514096,0.52,19.5975,1.0,0.020458789523911673,2.0280541735765616,0.990018631887144,0.4642857142857143,0.506916524701874,0.66625
610,"frozenset({'WOODLAND CHARLOTTE BAG', 'RED RETROSPOT CHARLOTTE BAG'})",frozenset({'ROUND SNACK BOXES SET OF4 WOODLAND '}),0.04477611940298507,0.19734660033167495,0.02321724709784411,0.5185185185185185,2.627450980392157,1.0,0.01438083215761986,1.6670493685419059,0.6484375,0.10606060606060606,0.4001377410468319,0.31808278867102396
611,"frozenset({'WOODLAND CHARLOTTE BAG', 'ROUND SNACK BOXES SET OF4 WOODLAND '})",frozenset({'RED RETROSPOT CHARLOTTE BAG'}),0.04809286898839138,0.05306799336650083,0.02321724709784411,0.4827586206896551,9.096982758620689,1.0,0.020665055045392164,1.8307352128247645,0.9350423096067696,0.29787234042553185,0.4537713630050123,0.4601293103448275
612,"frozenset({'RED RETROSPOT CHARLOTTE BAG', 'ROUND SNACK BOXES SET OF4 WOODLAND '})",frozenset({'WOODLAND CHARLOTTE BAG'}),0.02321724709784411,0.0978441127694859,0.02321724709784411,1.0,10.220338983050848,1.0,0.020945576154605634,inf,0.9235993208828523,0.23728813559322032,1.0,0.6186440677966102
613,frozenset({'WOODLAND CHARLOTTE BAG'}),"frozenset({'RED RETROSPOT CHARLOTTE BAG', 'ROUND SNACK BOXES SET OF4 WOODLAND '})",0.0978441127694859,0.02321724709784411,0.02321724709784411,0.23728813559322032,10.220338983050848,1.0,0.020945576154605634,1.2806707204717156,1.0,0.23728813559322032,0.21915916088745646,0.6186440677966102
614,frozenset({'RED RETROSPOT CHARLOTTE BAG'}),"frozenset({'WOODLAND CHARLOTTE BAG', 'ROUND SNACK BOXES SET OF4 WOODLAND '})",0.05306799336650083,0.04809286898839138,0.02321724709784411,0.43749999999999994,9.096982758620689,1.0,0.020665055045392164,1.6922793440206376,0.9399549662246685,0.29787234042553185,0.40908101045296164,0.4601293103448275
615,"frozenset({'SPACEBOY LUNCH BOX ', 'ROUND SNACK BOXES SET OF4 WOODLAND '})",frozenset({'ROUND SNACK BOXES SET OF 4 FRUITS '}),0.05472636815920398,0.12935323383084577,0.029850746268656716,0.5454545454545454,4.216783216783217,1.0,0.02277171357144625,1.9154228855721391,0.8070175438596491,0.1935483870967742,0.4779220779220779,0.3881118881118881
616,"frozenset({'SPACEBOY LUNCH BOX ', 'ROUND SNACK BOXES SET OF 4 FRUITS '})",frozenset({'ROUND SNACK BOXES SET OF4 WOODLAND '}),0.03150912106135987,0.19734660033167495,0.029850746268656716,0.9473684210526315,4.800530738611234,1.0,0.02363252834775817,15.25041459369816,0.8174467275494672,0.15000000000000002,0.9344280121792082,0.5493144626271561
617,"frozenset({'ROUND SNACK BOXES SET OF 4 FRUITS ', 'ROUND SNACK BOXES SET OF4 WOODLAND '})",frozenset({'SPACEBOY LUNCH BOX '}),0.10281923714759536,0.07960199004975124,0.029850746268656716,0.29032258064516125,3.6471774193548385,1.0,0.021666130376310815,1.2969244685662595,0.8089956869993837,0.1956521739130435,0.2289450741063644,0.3326612903225806
618,frozenset({'SPACEBOY LUNCH BOX '}),"frozenset({'ROUND SNACK BOXES SET OF 4 FRUITS ', 'ROUND SNACK BOXES SET OF4 WOODLAND '})",0.07960199004975124,0.10281923714759536,0.029850746268656716,0.375,3.6471774193548385,1.0,0.021666130376310815,1.4354892205638474,0.7885885885885884,0.1956521739130435,0.303373382624769,0.3326612903225806
619,frozenset({'ROUND SNACK BOXES SET OF 4 FRUITS '}),"frozenset({'SPACEBOY LUNCH BOX ', 'ROUND SNACK BOXES SET OF4 WOODLAND '})",0.12935323383084577,0.05472636815920398,0.029850746268656716,0.23076923076923078,4.216783216783217,1.0,0.02277171357144625,1.228855721393035,0.8761904761904762,0.1935483870967742,0.1862348178137652,0.3881118881118881
620,"frozenset({'WOODLAND CHARLOTTE BAG', 'ROUND SNACK BOXES SET OF4 WOODLAND '})",frozenset({'ROUND SNACK BOXES SET OF 4 FRUITS '}),0.04809286898839138,0.12935323383084577,0.029850746268656716,0.6206896551724137,4.79840848806366,1.0,0.023629778140805094,2.2953414744459515,0.8315911730545876,0.20224719101123595,0.5643349753694581,0.42572944297082227
621,"frozenset({'WOODLAND CHARLOTTE BAG', 'ROUND SNACK BOXES SET OF 4 FRUITS '})",frozenset({'ROUND SNACK BOXES SET OF4 WOODLAND '}),0.03648424543946932,0.19734660033167495,0.029850746268656716,0.8181818181818181,4.145912910618793,1.0,0.02265070446551103,4.4145936981757865,0.7875310766877033,0.14634146341463417,0.7734785875281742,0.4847211611917494
622,"frozenset({'ROUND SNACK BOXES SET OF 4 FRUITS ', 'ROUND SNACK BOXES SET OF4 WOODLAND '})",frozenset({'WOODLAND CHARLOTTE BAG'}),0.10281923714759536,0.0978441127694859,0.029850746268656716,0.29032258064516125,2.967195188627665,1.0,0.01979048923431488,1.2712196592793608,0.7389607722324912,0.17475728155339806,0.21335388994307397,0.2977036632039366
623,frozenset({'WOODLAND CHARLOTTE BAG'}),"frozenset({'ROUND SNACK BOXES SET OF 4 FRUITS ', 'ROUND SNACK BOXES SET OF4 WOODLAND '})",0.0978441127694859,0.10281923714759536,0.029850746268656716,0.3050847457627119,2.9671951886276653,1.0,0.01979048923431488,1.291065000202241,0.7348856209150326,0.17475728155339806,0.22544565932516683,0.2977036632039366
624,frozenset({'ROUND SNACK BOXES SET OF 4 FRUITS '}),"frozenset({'WOODLAND CHARLOTTE BAG', 'ROUND SNACK BOXES SET OF4 WOODLAND '})",0.12935323383084577,0.04809286898839138,0.029850746268656716,0.23076923076923078,4.798408488063661,1.0,0.023629778140805094,1.2374792703150914,0.9092063492063491,0.20224719101123595,0.19190565532028947,0.42572944297082227
625,"frozenset({'CHARLOTTE BAG APPLES DESIGN', 'POSTAGE', 'ROUND SNACK BOXES SET OF4 WOODLAND '})",frozenset({'ROUND SNACK BOXES SET OF 4 FRUITS '}),0.028192371475953566,0.12935323383084577,0.02155887230514096,0.7647058823529411,5.911764705882352,1.0,0.017912097885365873,3.7002487562189046,0.8549488054607509,0.15853658536585366,0.7297478991596639,0.4656862745098039
626,"frozenset({'CHARLOTTE BAG APPLES DESIGN', 'POSTAGE', 'ROUND SNACK BOXES SET OF 4 FRUITS '})",frozenset({'ROUND SNACK BOXES SET OF4 WOODLAND '}),0.02321724709784411,0.19734660033167495,0.02155887230514096,0.9285714285714286,4.705282112845138,1.0,0.016977027521320978,11.237147595356555,0.8061904140002611,0.10833333333333334,0.9110094451003542,0.5189075630252101
627,"frozenset({'ROUND SNACK BOXES SET OF 4 FRUITS ', 'CHARLOTTE BAG APPLES DESIGN', 'ROUND SNACK BOXES SET OF4 WOODLAND '})",frozenset({'POSTAGE'}),0.02321724709784411,0.6351575456053068,0.02155887230514096,0.9285714285714286,1.4619544945915703,1.0,0.006812262622762364,5.107794361525707,0.3234948413216665,0.033854166666666664,0.8042207792207793,0.4812569936590824
628,"frozenset({'ROUND SNACK BOXES SET OF 4 FRUITS ', 'POSTAGE', 'ROUND SNACK BOXES SET OF4 WOODLAND '})",frozenset({'CHARLOTTE BAG APPLES DESIGN'}),0.0945273631840796,0.05140961857379768,0.02155887230514096,0.22807017543859648,4.4363327674023765,1.0,0.016699256619060583,1.228855721393035,0.8554522400676247,0.1733333333333333,0.1862348178137652,0.3237125070741369
629,"frozenset({'CHARLOTTE BAG APPLES DESIGN', 'POSTAGE'})","frozenset({'ROUND SNACK BOXES SET OF 4 FRUITS ', 'ROUND SNACK BOXES SET OF4 WOODLAND '})",0.04643449419568822,0.10281923714759536,0.02155887230514096,0.4642857142857143,4.515552995391705,1.0,0.016784513034605854,1.6747374239911554,0.8164548494983277,0.16883116883116886,0.40289147082123056,0.33698156682027647
630,"frozenset({'CHARLOTTE BAG APPLES DESIGN', 'ROUND SNACK BOXES SET OF4 WOODLAND '})","frozenset({'POSTAGE', 'ROUND SNACK BOXES SET OF 4 FRUITS '})",0.029850746268656716,0.11442786069651742,0.02155887230514096,0.7222222222222222,6.31159420289855,1.0,0.018143115269424023,3.188059701492537,0.8674556213017751,0.17567567567567566,0.6863295880149812,0.4553140096618357
631,"frozenset({'CHARLOTTE BAG APPLES DESIGN', 'ROUND SNACK BOXES SET OF 4 FRUITS '})","frozenset({'POSTAGE', 'ROUND SNACK BOXES SET OF4 WOODLAND '})",0.024875621890547265,0.17081260364842454,0.02155887230514096,0.8666666666666666,5.07378640776699,1.0,0.017309802562642838,6.218905472636812,0.8233908948194663,0.12380952380952381,0.8392,0.4964401294498382
632,"frozenset({'ROUND SNACK BOXES SET OF 4 FRUITS ', 'ROUND SNACK BOXES SET OF4 WOODLAND '})","frozenset({'CHARLOTTE BAG APPLES DESIGN', 'POSTAGE'})",0.10281923714759536,0.04643449419568822,0.02155887230514096,0.2096774193548387,4.515552995391705,1.0,0.016784513034605854,1.2065522726503537,0.8677662448457272,0.16883116883116886,0.17119214586255257,0.33698156682027647
633,frozenset({'CHARLOTTE BAG APPLES DESIGN'}),"frozenset({'ROUND SNACK BOXES SET OF 4 FRUITS ', 'POSTAGE', 'ROUND SNACK BOXES SET OF4 WOODLAND '})",0.05140961857379768,0.0945273631840796,0.02155887230514096,0.4193548387096774,4.4363327674023765,1.0,0.016699256619060583,1.5594250967385295,0.8165680473372782,0.1733333333333333,0.3587380361573909,0.3237125070741369
634,"frozenset({'PLASTERS IN TIN CIRCUS PARADE ', 'PLASTERS IN TIN SPACEBOY', 'POSTAGE'})",frozenset({'PLASTERS IN TIN WOODLAND ANIMALS'}),0.03482587064676617,0.10945273631840796,0.024875621890547265,0.7142857142857143,6.525974025974026,1.0,0.021063835053587783,3.1169154228855724,0.877319587628866,0.20833333333333331,0.679169992019154,0.4707792207792208
635,"frozenset({'PLASTERS IN TIN CIRCUS PARADE ', 'PLASTERS IN TIN SPACEBOY', 'PLASTERS IN TIN WOODLAND ANIMALS'})",frozenset({'POSTAGE'}),0.026533996683250415,0.6351575456053068,0.024875621890547265,0.9375,1.4760117493472584,1.0,0.00802235368211458,5.837479270315091,0.3312890403180011,0.0390625,0.8286931818181819,0.4883322454308094
636,"frozenset({'PLASTERS IN TIN CIRCUS PARADE ', 'POSTAGE', 'PLASTERS IN TIN WOODLAND ANIMALS'})",frozenset({'PLASTERS IN TIN SPACEBOY'}),0.04145936981757877,0.0845771144278607,0.024875621890547265,0.6000000000000001,7.094117647058824,1.0,0.021369108025378912,2.288557213930349,0.8961937716262977,0.2459016393442623,0.5630434782608696,0.44705882352941184
637,"frozenset({'PLASTERS IN TIN SPACEBOY', 'POSTAGE', 'PLASTERS IN TIN WOODLAND ANIMALS'})",frozenset({'PLASTERS IN TIN CIRCUS PARADE '}),0.04145936981757877,0.0945273631840796,0.024875621890547265,0.6000000000000001,6.347368421052632,1.0,0.02095657698241793,2.2636815920398017,0.8788927335640139,0.2238805970149254,0.5582417582417584,0.4315789473684211
638,"frozenset({'PLASTERS IN TIN CIRCUS PARADE ', 'PLASTERS IN TIN SPACEBOY'})","frozenset({'POSTAGE', 'PLASTERS IN TIN WOODLAND ANIMALS'})",0.03648424543946932,0.08955223880597014,0.024875621890547265,0.6818181818181819,7.613636363636365,1.0,0.02160837603029628,2.8614072494669514,0.9015490533562823,0.24590163934426235,0.6505216095380031,0.47979797979797983
639,"frozenset({'PLASTERS IN TIN CIRCUS PARADE ', 'POSTAGE'})","frozenset({'PLASTERS IN TIN SPACEBOY', 'PLASTERS IN TIN WOODLAND ANIMALS'})",0.07628524046434494,0.04809286898839138,0.024875621890547265,0.32608695652173914,6.780359820089955,1.0,0.02120684581514759,1.412507355694645,0.9229204069419509,0.25,0.29203908498712317,0.421664167916042
640,"frozenset({'PLASTERS IN TIN CIRCUS PARADE ', 'PLASTERS IN TIN WOODLAND ANIMALS'})","frozenset({'PLASTERS IN TIN SPACEBOY', 'POSTAGE'})",0.05140961857379768,0.07628524046434494,0.024875621890547265,0.4838709677419355,6.342917251051894,1.0,0.020953826775464854,1.7896973466003319,0.8879953379953379,0.24193548387096775,0.44124630798633235,0.4049789621318373
641,"frozenset({'PLASTERS IN TIN SPACEBOY', 'POSTAGE'})","frozenset({'PLASTERS IN TIN CIRCUS PARADE ', 'PLASTERS IN TIN WOODLAND ANIMALS'})",0.07628524046434494,0.05140961857379768,0.024875621890547265,0.32608695652173914,6.342917251051893,1.0,0.020953826775464854,1.4075857272775905,0.9119090365050867,0.24193548387096775,0.28956369717239283,0.4049789621318373
642,"frozenset({'PLASTERS IN TIN SPACEBOY', 'PLASTERS IN TIN WOODLAND ANIMALS'})","frozenset({'PLASTERS IN TIN CIRCUS PARADE ', 'POSTAGE'})",0.04809286898839138,0.07628524046434494,0.024875621890547265,0.5172413793103449,6.780359820089956,1.0,0.02120684581514759,1.9134091447524284,0.8955865272938444,0.25,0.4773726242803195,0.421664167916042
643,"frozenset({'POSTAGE', 'PLASTERS IN TIN WOODLAND ANIMALS'})","frozenset({'PLASTERS IN TIN CIRCUS PARADE ', 'PLASTERS IN TIN SPACEBOY'})",0.08955223880597014,0.03648424543946932,0.024875621890547265,0.2777777777777778,7.613636363636364,1.0,0.02160837603029628,1.3340987370838115,0.9540983606557377,0.24590163934426235,0.2504302925989673,0.47979797979797983
644,frozenset({'PLASTERS IN TIN CIRCUS PARADE '}),"frozenset({'PLASTERS IN TIN SPACEBOY', 'POSTAGE', 'PLASTERS IN TIN WOODLAND ANIMALS'})",0.0945273631840796,0.04145936981757877,0.024875621890547265,0.26315789473684215,6.347368421052633,1.0,0.02095657698241793,1.300876569533286,0.9304029304029305,0.2238805970149254,0.23128756146421423,0.4315789473684211
645,frozenset({'PLASTERS IN TIN SPACEBOY'}),"frozenset({'PLASTERS IN TIN CIRCUS PARADE ', 'POSTAGE', 'PLASTERS IN TIN WOODLAND ANIMALS'})",0.0845771144278607,0.04145936981757877,0.024875621890547265,0.29411764705882354,7.094117647058824,1.0,0.021369108025378912,1.3579325594250968,0.9384057971014492,0.2459016393442623,0.26358640341949935,0.44705882352941184
646,frozenset({'PLASTERS IN TIN WOODLAND ANIMALS'}),"frozenset({'PLASTERS IN TIN CIRCUS PARADE ', 'PLASTERS IN TIN SPACEBOY', 'POSTAGE'})",0.10945273631840796,0.03482587064676617,0.024875621890547265,0.2272727272727273,6.525974025974026,1.0,0.021063835053587783,1.2490488732806557,0.9508379888268156,0.20833333333333331,0.19939081537019682,0.4707792207792208
647,"frozenset({'PLASTERS IN TIN CIRCUS PARADE ', 'POSTAGE', 'PLASTERS IN TIN WOODLAND ANIMALS'})",frozenset({'ROUND SNACK BOXES SET OF4 WOODLAND '}),0.04145936981757877,0.19734660033167495,0.024875621890547265,0.6000000000000001,3.0403361344537823,1.0,0.01669375620515444,2.006633499170813,0.7001153402537486,0.11627906976744187,0.5016528925619836,0.36302521008403366
648,"frozenset({'PLASTERS IN TIN CIRCUS PARADE ', 'POSTAGE', 'ROUND SNACK BOXES SET OF4 WOODLAND '})",frozenset({'PLASTERS IN TIN WOODLAND ANIMALS'}),0.03814262023217247,0.10945273631840796,0.024875621890547265,0.6521739130434783,5.958498023715415,1.0,0.020700807735782117,2.5603233830845773,0.8651724137931034,0.20270270270270271,0.6094243381102745,0.4397233201581028
649,"frozenset({'PLASTERS IN TIN CIRCUS PARADE ', 'PLASTERS IN TIN WOODLAND ANIMALS', 'ROUND SNACK BOXES SET OF4 WOODLAND '})",frozenset({'POSTAGE'}),0.029850746268656716,0.6351575456053068,0.024875621890547265,0.8333333333333334,1.31201044386423,1.0,0.0059156951560604965,2.18905472636816,0.2451282051282052,0.03886010362694301,0.5431818181818183,0.43624891209747607
650,"frozenset({'POSTAGE', 'PLASTERS IN TIN WOODLAND ANIMALS', 'ROUND SNACK BOXES SET OF4 WOODLAND '})",frozenset({'PLASTERS IN TIN CIRCUS PARADE '}),0.04975124378109453,0.0945273631840796,0.024875621890547265,0.5,5.2894736842105265,1.0,0.02017276800079206,1.8109452736318408,0.8534031413612566,0.20833333333333331,0.4478021978021978,0.3815789473684211
651,"frozenset({'PLASTERS IN TIN CIRCUS PARADE ', 'POSTAGE'})","frozenset({'PLASTERS IN TIN WOODLAND ANIMALS', 'ROUND SNACK BOXES SET OF4 WOODLAND '})",0.07628524046434494,0.05638474295190713,0.024875621890547265,0.32608695652173914,5.783248081841433,1.0,0.02057429821594075,1.400203284652009,0.8953919808497904,0.23076923076923075,0.2858179873156567,0.38363171355498726
652,"frozenset({'PLASTERS IN TIN CIRCUS PARADE ', 'PLASTERS IN TIN WOODLAND ANIMALS'})","frozenset({'POSTAGE', 'ROUND SNACK BOXES SET OF4 WOODLAND '})",0.05140961857379768,0.17081260364842454,0.024875621890547265,0.4838709677419355,2.8327591606639526,1.0,0.016094211089384476,1.6065505804311775,0.682051282051282,0.12605042016806725,0.3775483870967742,0.3147510178515503
653,"frozenset({'PLASTERS IN TIN CIRCUS PARADE ', 'ROUND SNACK BOXES SET OF4 WOODLAND '})","frozenset({'POSTAGE', 'PLASTERS IN TIN WOODLAND ANIMALS'})",0.04477611940298507,0.08955223880597014,0.024875621890547265,0.5555555555555556,6.203703703703704,1.0,0.02086582015296651,2.048507462686567,0.878125,0.2272727272727273,0.5118397085610201,0.4166666666666667
654,"frozenset({'POSTAGE', 'PLASTERS IN TIN WOODLAND ANIMALS'})","frozenset({'PLASTERS IN TIN CIRCUS PARADE ', 'ROUND SNACK BOXES SET OF4 WOODLAND '})",0.08955223880597014,0.04477611940298507,0.024875621890547265,0.2777777777777778,6.203703703703704,1.0,0.02086582015296651,1.322617680826636,0.921311475409836,0.2272727272727273,0.24392361111111113,0.4166666666666667
655,"frozenset({'PLASTERS IN TIN WOODLAND ANIMALS', 'ROUND SNACK BOXES SET OF4 WOODLAND '})","frozenset({'PLASTERS IN TIN CIRCUS PARADE ', 'POSTAGE'})",0.05638474295190713,0.07628524046434494,0.024875621890547265,0.44117647058823534,5.783248081841433,1.0,0.02057429821594075,1.6529632539059091,0.8765084944346807,0.23076923076923075,0.3950258739043194,0.38363171355498726
656,frozenset({'PLASTERS IN TIN CIRCUS PARADE '}),"frozenset({'POSTAGE', 'PLASTERS IN TIN WOODLAND ANIMALS', 'ROUND SNACK BOXES SET OF4 WOODLAND '})",0.0945273631840796,0.04975124378109453,0.024875621890547265,0.26315789473684215,5.2894736842105265,1.0,0.02017276800079206,1.2896233120113718,0.8956043956043956,0.20833333333333331,0.22457977404243598,0.3815789473684211
657,frozenset({'PLASTERS IN TIN WOODLAND ANIMALS'}),"frozenset({'PLASTERS IN TIN CIRCUS PARADE ', 'POSTAGE', 'ROUND SNACK BOXES SET OF4 WOODLAND '})",0.10945273631840796,0.03814262023217247,0.024875621890547265,0.2272727272727273,5.958498023715416,1.0,0.020700807735782117,1.2447566091113063,0.9344506517690874,0.20270270270270271,0.19663009404388718,0.4397233201581028
658,"frozenset({'PLASTERS IN TIN CIRCUS PARADE ', 'POSTAGE', 'ROUND SNACK BOXES SET OF4 WOODLAND '})",frozenset({'ROUND SNACK BOXES SET OF 4 FRUITS '}),0.03814262023217247,0.12935323383084577,0.029850746268656716,0.782608695652174,6.050167224080268,1.0,0.024916874994843363,4.00497512437811,0.8678160919540231,0.2168674698795181,0.7503105590062112,0.5066889632107023
659,"frozenset({'PLASTERS IN TIN CIRCUS PARADE ', 'POSTAGE', 'ROUND SNACK BOXES SET OF 4 FRUITS '})",frozenset({'ROUND SNACK BOXES SET OF4 WOODLAND '}),0.03648424543946932,0.19734660033167495,0.029850746268656716,0.8181818181818181,4.145912910618793,1.0,0.02265070446551103,4.4145936981757865,0.7875310766877033,0.14634146341463417,0.7734785875281742,0.4847211611917494
660,"frozenset({'PLASTERS IN TIN CIRCUS PARADE ', 'ROUND SNACK BOXES SET OF 4 FRUITS ', 'ROUND SNACK BOXES SET OF4 WOODLAND '})",frozenset({'POSTAGE'}),0.03150912106135987,0.6351575456053068,0.029850746268656716,0.9473684210526315,1.4915487151298612,1.0,0.0098374902711429,6.932006633499164,0.3402777777777777,0.046875,0.8557416267942582,0.49718290504328705
661,"frozenset({'ROUND SNACK BOXES SET OF 4 FRUITS ', 'POSTAGE', 'ROUND SNACK BOXES SET OF4 WOODLAND '})",frozenset({'PLASTERS IN TIN CIRCUS PARADE '}),0.0945273631840796,0.0945273631840796,0.029850746268656716,0.3157894736842105,3.340720221606648,1.0,0.02091532387812183,1.3233830845771144,0.7738095238095238,0.1875,0.24436090225563906,0.3157894736842105
662,"frozenset({'PLASTERS IN TIN CIRCUS PARADE ', 'POSTAGE'})","frozenset({'ROUND SNACK BOXES SET OF 4 FRUITS ', 'ROUND SNACK BOXES SET OF4 WOODLAND '})",0.07628524046434494,0.10281923714759536,0.029850746268656716,0.391304347826087,3.805750350631136,1.0,0.022007156038491897,1.4739398246860933,0.7981248753241572,0.19999999999999998,0.32154625090412275,0.3408134642356241
663,"frozenset({'PLASTERS IN TIN CIRCUS PARADE ', 'ROUND SNACK BOXES SET OF4 WOODLAND '})","frozenset({'POSTAGE', 'ROUND SNACK BOXES SET OF 4 FRUITS '})",0.04477611940298507,0.11442786069651742,0.029850746268656716,0.6666666666666667,5.826086956521739,1.0,0.02472711071508131,2.6567164179104483,0.8671875000000001,0.23076923076923078,0.6235955056179776,0.46376811594202905
664,"frozenset({'PLASTERS IN TIN CIRCUS PARADE ', 'ROUND SNACK BOXES SET OF 4 FRUITS '})","frozenset({'POSTAGE', 'ROUND SNACK BOXES SET OF4 WOODLAND '})",0.03980099502487562,0.17081260364842454,0.029850746268656716,0.75,4.390776699029126,1.0,0.02305223468065972,3.316749585406302,0.8042602187679908,0.1651376146788991,0.6985,0.46237864077669905
665,"frozenset({'POSTAGE', 'ROUND SNACK BOXES SET OF 4 FRUITS '})","frozenset({'PLASTERS IN TIN CIRCUS PARADE ', 'ROUND SNACK BOXES SET OF4 WOODLAND '})",0.11442786069651742,0.04477611940298507,0.029850746268656716,0.2608695652173913,5.826086956521739,1.0,0.02472711071508131,1.292361720807726,0.9353932584269663,0.23076923076923078,0.22622282608695654,0.46376811594202905
666,"frozenset({'ROUND SNACK BOXES SET OF 4 FRUITS ', 'ROUND SNACK BOXES SET OF4 WOODLAND '})","frozenset({'PLASTERS IN TIN CIRCUS PARADE ', 'POSTAGE'})",0.10281923714759536,0.07628524046434494,0.029850746268656716,0.29032258064516125,3.8057503506311354,1.0,0.022007156038491897,1.3015980702547867,0.8217293078660917,0.19999999999999998,0.2317136734812069,0.3408134642356241
667,frozenset({'PLASTERS IN TIN CIRCUS PARADE '}),"frozenset({'ROUND SNACK BOXES SET OF 4 FRUITS ', 'POSTAGE', 'ROUND SNACK BOXES SET OF4 WOODLAND '})",0.0945273631840796,0.0945273631840796,0.029850746268656716,0.3157894736842105,3.340720221606648,1.0,0.02091532387812183,1.3233830845771144,0.7738095238095238,0.1875,0.24436090225563906,0.3157894736842105
668,frozenset({'ROUND SNACK BOXES SET OF 4 FRUITS '}),"frozenset({'PLASTERS IN TIN CIRCUS PARADE ', 'POSTAGE', 'ROUND SNACK BOXES SET OF4 WOODLAND '})",0.12935323383084577,0.03814262023217247,0.029850746268656716,0.23076923076923078,6.050167224080268,1.0,0.024916874994843363,1.2504145936981759,0.9587301587301588,0.2168674698795181,0.20026525198938996,0.5066889632107023
669,"frozenset({'PLASTERS IN TIN SPACEBOY', 'POSTAGE', 'PLASTERS IN TIN WOODLAND ANIMALS'})",frozenset({'ROUND SNACK BOXES SET OF4 WOODLAND '}),0.04145936981757877,0.19734660033167495,0.02321724709784411,0.5599999999999999,2.837647058823529,1.0,0.015035381412451285,1.8242122719734657,0.67560553633218,0.10769230769230768,0.45181818181818173,0.3388235294117647
670,"frozenset({'PLASTERS IN TIN SPACEBOY', 'POSTAGE', 'ROUND SNACK BOXES SET OF4 WOODLAND '})",frozenset({'PLASTERS IN TIN WOODLAND ANIMALS'}),0.03316749585406302,0.10945273631840796,0.02321724709784411,0.7,6.395454545454545,1.0,0.019586973919787462,2.9684908789386397,0.8725802499387405,0.19444444444444442,0.6631284916201117,0.45606060606060606
671,"frozenset({'PLASTERS IN TIN SPACEBOY', 'PLASTERS IN TIN WOODLAND ANIMALS', 'ROUND SNACK BOXES SET OF4 WOODLAND '})",frozenset({'POSTAGE'}),0.026533996683250415,0.6351575456053068,0.02321724709784411,0.8749999999999999,1.3776109660574412,1.0,0.006363978889411426,2.918739635157543,0.281577026040399,0.03636363636363636,0.6573863636363634,0.4557767624020887
672,"frozenset({'POSTAGE', 'PLASTERS IN TIN WOODLAND ANIMALS', 'ROUND SNACK BOXES SET OF4 WOODLAND '})",frozenset({'PLASTERS IN TIN SPACEBOY'}),0.04975124378109453,0.0845771144278607,0.02321724709784411,0.4666666666666666,5.5176470588235285,1.0,0.019009430459642086,1.716417910447761,0.8616305160807779,0.208955223880597,0.417391304347826,0.3705882352941176
673,"frozenset({'PLASTERS IN TIN SPACEBOY', 'POSTAGE'})","frozenset({'PLASTERS IN TIN WOODLAND ANIMALS', 'ROUND SNACK BOXES SET OF4 WOODLAND '})",0.07628524046434494,0.05638474295190713,0.02321724709784411,0.3043478260869565,5.397698209718669,1.0,0.0189159234232376,1.3564469320066337,0.8820210310335984,0.2121212121212121,0.2627798578742263,0.3580562659846547
674,"frozenset({'PLASTERS IN TIN SPACEBOY', 'PLASTERS IN TIN WOODLAND ANIMALS'})","frozenset({'POSTAGE', 'ROUND SNACK BOXES SET OF4 WOODLAND '})",0.04809286898839138,0.17081260364842454,0.02321724709784411,0.4827586206896551,2.826247070639437,1.0,0.015002378929014406,1.6030956329463788,0.6788203086112493,0.11864406779661016,0.376206896551724,0.30934047539337123
675,"frozenset({'PLASTERS IN TIN SPACEBOY', 'ROUND SNACK BOXES SET OF4 WOODLAND '})","frozenset({'POSTAGE', 'PLASTERS IN TIN WOODLAND ANIMALS'})",0.03648424543946932,0.08955223880597014,0.02321724709784411,0.6363636363636364,7.106060606060606,1.0,0.019950001237593128,2.5037313432835817,0.8918121465453651,0.22580645161290328,0.6005961251862891,0.44781144781144777
676,"frozenset({'POSTAGE', 'PLASTERS IN TIN WOODLAND ANIMALS'})","frozenset({'PLASTERS IN TIN SPACEBOY', 'ROUND SNACK BOXES SET OF4 WOODLAND '})",0.08955223880597014,0.03648424543946932,0.02321724709784411,0.25925925925925924,7.1060606060606055,1.0,0.019950001237593128,1.3007462686567164,0.9437939110070257,0.22580645161290328,0.23121055651176134,0.44781144781144777
677,"frozenset({'PLASTERS IN TIN WOODLAND ANIMALS', 'ROUND SNACK BOXES SET OF4 WOODLAND '})","frozenset({'PLASTERS IN TIN SPACEBOY', 'POSTAGE'})",0.05638474295190713,0.07628524046434494,0.02321724709784411,0.4117647058823529,5.39769820971867,1.0,0.0189159234232376,1.5703150912106136,0.8634195330153152,0.2121212121212121,0.3631851304255993,0.3580562659846547
678,frozenset({'PLASTERS IN TIN SPACEBOY'}),"frozenset({'POSTAGE', 'PLASTERS IN TIN WOODLAND ANIMALS', 'ROUND SNACK BOXES SET OF4 WOODLAND '})",0.0845771144278607,0.04975124378109453,0.02321724709784411,0.2745098039215686,5.5176470588235285,1.0,0.019009430459642086,1.3098023396530858,0.8944099378881986,0.208955223880597,0.2365260240221743,0.3705882352941176
679,frozenset({'PLASTERS IN TIN WOODLAND ANIMALS'}),"frozenset({'PLASTERS IN TIN SPACEBOY', 'POSTAGE', 'ROUND SNACK BOXES SET OF4 WOODLAND '})",0.10945273631840796,0.03316749585406302,0.02321724709784411,0.2121212121212121,6.395454545454545,1.0,0.019586973919787462,1.2271335629544586,0.9473264166001595,0.19444444444444442,0.1850927802900358,0.45606060606060606
680,"frozenset({'POSTAGE', 'PLASTERS IN TIN WOODLAND ANIMALS', 'ROUND SNACK BOXES SET OF4 WOODLAND '})",frozenset({'ROUND SNACK BOXES SET OF 4 FRUITS '}),0.04975124378109453,0.12935323383084577,0.029850746268656716,0.6,4.638461538461539,1.0,0.023415261998465383,2.1766169154228856,0.825479930191972,0.2,0.5405714285714286,0.41538461538461535
681,"frozenset({'POSTAGE', 'PLASTERS IN TIN WOODLAND ANIMALS', 'ROUND SNACK BOXES SET OF 4 FRUITS '})",frozenset({'ROUND SNACK BOXES SET OF4 WOODLAND '}),0.03482587064676617,0.19734660033167495,0.029850746268656716,0.8571428571428571,4.343337334933974,1.0,0.022977979092926742,5.618573797678273,0.797537227949599,0.14754098360655737,0.8220188902007083,0.5042016806722689
682,"frozenset({'ROUND SNACK BOXES SET OF 4 FRUITS ', 'POSTAGE', 'ROUND SNACK BOXES SET OF4 WOODLAND '})",frozenset({'PLASTERS IN TIN WOODLAND ANIMALS'}),0.0945273631840796,0.10945273631840796,0.029850746268656716,0.3157894736842105,2.8851674641148324,1.0,0.019504467711195267,1.3015690776884807,0.7216117216117216,0.1714285714285714,0.2316965598353425,0.2942583732057416
683,"frozenset({'ROUND SNACK BOXES SET OF 4 FRUITS ', 'PLASTERS IN TIN WOODLAND ANIMALS', 'ROUND SNACK BOXES SET OF4 WOODLAND '})",frozenset({'POSTAGE'}),0.03150912106135987,0.6351575456053068,0.029850746268656716,0.9473684210526315,1.4915487151298612,1.0,0.0098374902711429,6.932006633499164,0.3402777777777777,0.046875,0.8557416267942582,0.49718290504328705
684,"frozenset({'POSTAGE', 'PLASTERS IN TIN WOODLAND ANIMALS'})","frozenset({'ROUND SNACK BOXES SET OF 4 FRUITS ', 'ROUND SNACK BOXES SET OF4 WOODLAND '})",0.08955223880597014,0.10281923714759536,0.029850746268656716,0.33333333333333337,3.241935483870968,1.0,0.02064305338976758,1.3457711442786071,0.7595628415300547,0.18367346938775508,0.2569316081330869,0.3118279569892473
685,"frozenset({'POSTAGE', 'ROUND SNACK BOXES SET OF 4 FRUITS '})","frozenset({'PLASTERS IN TIN WOODLAND ANIMALS', 'ROUND SNACK BOXES SET OF4 WOODLAND '})",0.11442786069651742,0.05638474295190713,0.029850746268656716,0.2608695652173913,4.626598465473146,1.0,0.023398760756746944,1.2766559360062435,0.8851435705368289,0.21176470588235294,0.21670359899136546,0.3951406649616368
686,"frozenset({'PLASTERS IN TIN WOODLAND ANIMALS', 'ROUND SNACK BOXES SET OF4 WOODLAND '})","frozenset({'POSTAGE', 'ROUND SNACK BOXES SET OF 4 FRUITS '})",0.05638474295190713,0.11442786069651742,0.029850746268656716,0.5294117647058824,4.626598465473146,1.0,0.023398760756746944,1.8818407960199004,0.8306971294669009,0.21176470588235294,0.46860541969596825,0.3951406649616368
687,"frozenset({'PLASTERS IN TIN WOODLAND ANIMALS', 'ROUND SNACK BOXES SET OF 4 FRUITS '})","frozenset({'POSTAGE', 'ROUND SNACK BOXES SET OF4 WOODLAND '})",0.03648424543946932,0.17081260364842454,0.029850746268656716,0.8181818181818181,4.789938217122683,1.0,0.023618777312992802,4.560530679933663,0.8211895199847008,0.16822429906542055,0.7807272727272726,0.4964695498676081
688,"frozenset({'ROUND SNACK BOXES SET OF 4 FRUITS ', 'ROUND SNACK BOXES SET OF4 WOODLAND '})","frozenset({'POSTAGE', 'PLASTERS IN TIN WOODLAND ANIMALS'})",0.10281923714759536,0.08955223880597014,0.029850746268656716,0.29032258064516125,3.2419354838709675,1.0,0.02064305338976758,1.2829036635006783,0.7707948243992606,0.18367346938775508,0.22051824431517714,0.3118279569892473
689,frozenset({'PLASTERS IN TIN WOODLAND ANIMALS'}),"frozenset({'ROUND SNACK BOXES SET OF 4 FRUITS ', 'POSTAGE', 'ROUND SNACK BOXES SET OF4 WOODLAND '})",0.10945273631840796,0.0945273631840796,0.029850746268656716,0.2727272727272727,2.8851674641148324,1.0,0.019504467711195267,1.2450248756218905,0.7337057728119181,0.1714285714285714,0.19680319680319677,0.2942583732057416
690,frozenset({'ROUND SNACK BOXES SET OF 4 FRUITS '}),"frozenset({'POSTAGE', 'PLASTERS IN TIN WOODLAND ANIMALS', 'ROUND SNACK BOXES SET OF4 WOODLAND '})",0.12935323383084577,0.04975124378109453,0.029850746268656716,0.23076923076923078,4.638461538461539,1.0,0.023415261998465383,1.2353233830845771,0.900952380952381,0.2,0.19049536850583973,0.41538461538461535
691,"frozenset({'WOODLAND CHARLOTTE BAG', 'POSTAGE', 'RED RETROSPOT CHARLOTTE BAG'})",frozenset({'ROUND SNACK BOXES SET OF4 WOODLAND '}),0.04145936981757877,0.19734660033167495,0.02155887230514096,0.52,2.6349579831932775,1.0,0.013377006619748135,1.6721945826423439,0.6473249933457546,0.09923664122137403,0.4019834710743802,0.31462184873949584
692,"frozenset({'WOODLAND CHARLOTTE BAG', 'POSTAGE', 'ROUND SNACK BOXES SET OF4 WOODLAND '})",frozenset({'RED RETROSPOT CHARLOTTE BAG'}),0.04477611940298507,0.05306799336650083,0.02155887230514096,0.4814814814814815,9.072916666666668,1.0,0.0191826934976857,1.826226012793177,0.9314903846153846,0.2826086956521739,0.4524226503210742,0.4438657407407407
693,"frozenset({'WOODLAND CHARLOTTE BAG', 'RED RETROSPOT CHARLOTTE BAG', 'ROUND SNACK BOXES SET OF4 WOODLAND '})",frozenset({'POSTAGE'}),0.02321724709784411,0.6351575456053068,0.02155887230514096,0.9285714285714286,1.4619544945915703,1.0,0.006812262622762364,5.107794361525707,0.3234948413216665,0.033854166666666664,0.8042207792207793,0.4812569936590824
694,"frozenset({'POSTAGE', 'RED RETROSPOT CHARLOTTE BAG', 'ROUND SNACK BOXES SET OF4 WOODLAND '})",frozenset({'WOODLAND CHARLOTTE BAG'}),0.02155887230514096,0.0978441127694859,0.02155887230514096,1.0,10.220338983050848,1.0,0.019449463572133802,inf,0.9220338983050849,0.22033898305084745,1.0,0.6101694915254238
695,"frozenset({'WOODLAND CHARLOTTE BAG', 'POSTAGE'})","frozenset({'RED RETROSPOT CHARLOTTE BAG', 'ROUND SNACK BOXES SET OF4 WOODLAND '})",0.087893864013267,0.02321724709784411,0.02155887230514096,0.2452830188679245,10.564690026954178,1.0,0.019518218745960634,1.2942371475953565,0.9925874125874127,0.24074074074074076,0.22734407534356277,0.5869272237196765
696,"frozenset({'WOODLAND CHARLOTTE BAG', 'RED RETROSPOT CHARLOTTE BAG'})","frozenset({'POSTAGE', 'ROUND SNACK BOXES SET OF4 WOODLAND '})",0.04477611940298507,0.17081260364842454,0.02155887230514096,0.4814814814814815,2.818770226537217,1.0,0.01391054676864434,1.5991471215351813,0.6754807692307693,0.1111111111111111,0.3746666666666667,0.30384753685724564
697,"frozenset({'WOODLAND CHARLOTTE BAG', 'ROUND SNACK BOXES SET OF4 WOODLAND '})","frozenset({'POSTAGE', 'RED RETROSPOT CHARLOTTE BAG'})",0.04809286898839138,0.04975124378109453,0.02155887230514096,0.44827586206896547,9.010344827586206,1.0,0.01916619225596726,1.7223258706467661,0.9339319217367997,0.2826086956521739,0.419389781549016,0.4408045977011494
698,"frozenset({'POSTAGE', 'RED RETROSPOT CHARLOTTE BAG'})","frozenset({'WOODLAND CHARLOTTE BAG', 'ROUND SNACK BOXES SET OF4 WOODLAND '})",0.04975124378109453,0.04809286898839138,0.02155887230514096,0.4333333333333333,9.010344827586206,1.0,0.01916619225596726,1.6798361135498976,0.9355618203785743,0.2826086956521739,0.4047038327526132,0.4408045977011494
699,"frozenset({'RED RETROSPOT CHARLOTTE BAG', 'ROUND SNACK BOXES SET OF4 WOODLAND '})","frozenset({'WOODLAND CHARLOTTE BAG', 'POSTAGE'})",0.02321724709784411,0.087893864013267,0.02155887230514096,0.9285714285714286,10.564690026954178,1.0,0.019518218745960634,12.769485903814267,0.92686430716991,0.24074074074074076,0.9216883116883117,0.5869272237196765
700,frozenset({'WOODLAND CHARLOTTE BAG'}),"frozenset({'POSTAGE', 'RED RETROSPOT CHARLOTTE BAG', 'ROUND SNACK BOXES SET OF4 WOODLAND '})",0.0978441127694859,0.02155887230514096,0.02155887230514096,0.22033898305084745,10.220338983050848,1.0,0.019449463572133802,1.2549570985651453,1.0,0.22033898305084745,0.2031600114909509,0.6101694915254238
701,frozenset({'RED RETROSPOT CHARLOTTE BAG'}),"frozenset({'WOODLAND CHARLOTTE BAG', 'POSTAGE', 'ROUND SNACK BOXES SET OF4 WOODLAND '})",0.05306799336650083,0.04477611940298507,0.02155887230514096,0.40624999999999994,9.072916666666666,1.0,0.0191826934976857,1.6087981146897092,0.9396470429745385,0.2826086956521739,0.37841796874999994,0.4438657407407407
702,"frozenset({'SPACEBOY LUNCH BOX ', 'POSTAGE', 'ROUND SNACK BOXES SET OF4 WOODLAND '})",frozenset({'ROUND SNACK BOXES SET OF 4 FRUITS '}),0.04643449419568822,0.12935323383084577,0.026533996683250415,0.5714285714285715,4.417582417582419,1.0,0.020527544697738508,2.0315091210613603,0.811304347826087,0.17777777777777778,0.5077551020408164,0.38827838827838834
703,"frozenset({'SPACEBOY LUNCH BOX ', 'POSTAGE', 'ROUND SNACK BOXES SET OF 4 FRUITS '})",frozenset({'ROUND SNACK BOXES SET OF4 WOODLAND '}),0.028192371475953566,0.19734660033167495,0.026533996683250415,0.9411764705882353,4.769154720711814,1.0,0.020970328017183293,13.645107794361524,0.8132465870307166,0.13333333333333333,0.9267136606708799,0.5378151260504201
704,"frozenset({'ROUND SNACK BOXES SET OF 4 FRUITS ', 'SPACEBOY LUNCH BOX ', 'ROUND SNACK BOXES SET OF4 WOODLAND '})",frozenset({'POSTAGE'}),0.029850746268656716,0.6351575456053068,0.026533996683250415,0.888888888888889,1.3994778067885119,1.0,0.007574069948763647,3.2835820895522407,0.2942307692307693,0.04155844155844156,0.6954545454545457,0.4653321729039745
705,"frozenset({'ROUND SNACK BOXES SET OF 4 FRUITS ', 'POSTAGE', 'ROUND SNACK BOXES SET OF4 WOODLAND '})",frozenset({'SPACEBOY LUNCH BOX '}),0.0945273631840796,0.07960199004975124,0.026533996683250415,0.2807017543859649,3.526315789473684,1.0,0.01900943045964209,1.2795777211503458,0.7912087912087912,0.17977528089887643,0.2184921763869132,0.30701754385964913
706,"frozenset({'SPACEBOY LUNCH BOX ', 'POSTAGE'})","frozenset({'ROUND SNACK BOXES SET OF 4 FRUITS ', 'ROUND SNACK BOXES SET OF4 WOODLAND '})",0.06965174129353234,0.10281923714759536,0.026533996683250415,0.38095238095238093,3.7050691244239626,1.0,0.019372457777447755,1.4492920015308075,0.7847593582887701,0.18181818181818182,0.3100079218378664,0.3195084485407066
707,"frozenset({'SPACEBOY LUNCH BOX ', 'ROUND SNACK BOXES SET OF4 WOODLAND '})","frozenset({'POSTAGE', 'ROUND SNACK BOXES SET OF 4 FRUITS '})",0.05472636815920398,0.11442786069651742,0.026533996683250415,0.48484848484848486,4.237154150197628,1.0,0.020271775451102696,1.7190517998244073,0.8082236842105263,0.18604651162790695,0.41828396322778344,0.3583662714097497
708,"frozenset({'SPACEBOY LUNCH BOX ', 'ROUND SNACK BOXES SET OF 4 FRUITS '})","frozenset({'POSTAGE', 'ROUND SNACK BOXES SET OF4 WOODLAND '})",0.03150912106135987,0.17081260364842454,0.026533996683250415,0.8421052631578947,4.929994890137966,1.0,0.021151841676086126,5.25152017689331,0.8230950342465753,0.1509433962264151,0.809578947368421,0.4987225344915687
709,"frozenset({'POSTAGE', 'ROUND SNACK BOXES SET OF 4 FRUITS '})","frozenset({'SPACEBOY LUNCH BOX ', 'ROUND SNACK BOXES SET OF4 WOODLAND '})",0.11442786069651742,0.05472636815920398,0.026533996683250415,0.2318840579710145,4.237154150197629,1.0,0.020271775451102696,1.2306392565474515,0.8627106741573034,0.18604651162790695,0.1874141876430206,0.3583662714097497
710,"frozenset({'ROUND SNACK BOXES SET OF 4 FRUITS ', 'ROUND SNACK BOXES SET OF4 WOODLAND '})","frozenset({'SPACEBOY LUNCH BOX ', 'POSTAGE'})",0.10281923714759536,0.06965174129353234,0.026533996683250415,0.25806451612903225,3.705069124423963,1.0,0.019372457777447755,1.253947653039152,0.8137707948243993,0.18181818181818182,0.20251854407452127,0.3195084485407066
711,frozenset({'SPACEBOY LUNCH BOX '}),"frozenset({'ROUND SNACK BOXES SET OF 4 FRUITS ', 'POSTAGE', 'ROUND SNACK BOXES SET OF4 WOODLAND '})",0.07960199004975124,0.0945273631840796,0.026533996683250415,0.33333333333333337,3.5263157894736845,1.0,0.01900943045964209,1.3582089552238807,0.7783783783783783,0.17977528089887643,0.26373626373626374,0.30701754385964913
712,frozenset({'ROUND SNACK BOXES SET OF 4 FRUITS '}),"frozenset({'SPACEBOY LUNCH BOX ', 'POSTAGE', 'ROUND SNACK BOXES SET OF4 WOODLAND '})",0.12935323383084577,0.04643449419568822,0.026533996683250415,0.20512820512820515,4.417582417582419,1.0,0.020527544697738508,1.1996469266570375,0.8885714285714287,0.17777777777777778,0.1664214046822743,0.38827838827838834
713,"frozenset({'WOODLAND CHARLOTTE BAG', 'POSTAGE', 'ROUND SNACK BOXES SET OF4 WOODLAND '})",frozenset({'ROUND SNACK BOXES SET OF 4 FRUITS '}),0.04477611940298507,0.12935323383084577,0.026533996683250415,0.5925925925925927,4.581196581196582,1.0,0.020742060840078215,2.137042062415197,0.818359375,0.17977528089887643,0.5320634920634921,0.3988603988603989
714,"frozenset({'WOODLAND CHARLOTTE BAG', 'POSTAGE', 'ROUND SNACK BOXES SET OF 4 FRUITS '})",frozenset({'ROUND SNACK BOXES SET OF4 WOODLAND '}),0.03150912106135987,0.19734660033167495,0.026533996683250415,0.8421052631578947,4.2671384343210965,1.0,0.02031577876235187,5.083471531232724,0.7905607876712328,0.13114754098360656,0.803284036537625,0.48827952233524985
715,"frozenset({'ROUND SNACK BOXES SET OF 4 FRUITS ', 'WOODLAND CHARLOTTE BAG', 'ROUND SNACK BOXES SET OF4 WOODLAND '})",frozenset({'POSTAGE'}),0.029850746268656716,0.6351575456053068,0.026533996683250415,0.888888888888889,1.3994778067885119,1.0,0.007574069948763647,3.2835820895522407,0.2942307692307693,0.04155844155844156,0.6954545454545457,0.4653321729039745
716,"frozenset({'ROUND SNACK BOXES SET OF 4 FRUITS ', 'POSTAGE', 'ROUND SNACK BOXES SET OF4 WOODLAND '})",frozenset({'WOODLAND CHARLOTTE BAG'}),0.0945273631840796,0.0978441127694859,0.026533996683250415,0.2807017543859649,2.8688670829616414,1.0,0.017285050700065183,1.2542167212716904,0.7194368131868133,0.15999999999999998,0.20268962848297212,0.27594409753196547
717,"frozenset({'WOODLAND CHARLOTTE BAG', 'POSTAGE'})","frozenset({'ROUND SNACK BOXES SET OF 4 FRUITS ', 'ROUND SNACK BOXES SET OF4 WOODLAND '})",0.087893864013267,0.10281923714759536,0.026533996683250415,0.3018867924528302,2.936092513694461,1.0,0.017496816635451818,1.2851508224642552,0.7229545454545455,0.1616161616161616,0.22188121229030794,0.2799756542909312
718,"frozenset({'WOODLAND CHARLOTTE BAG', 'ROUND SNACK BOXES SET OF4 WOODLAND '})","frozenset({'POSTAGE', 'ROUND SNACK BOXES SET OF 4 FRUITS '})",0.04809286898839138,0.11442786069651742,0.026533996683250415,0.5517241379310345,4.821589205397301,1.0,0.021030832570150905,1.9755070799846919,0.8326437282229966,0.19512195121951217,0.49380085238279736,0.3918040979510245
719,"frozenset({'WOODLAND CHARLOTTE BAG', 'ROUND SNACK BOXES SET OF 4 FRUITS '})","frozenset({'POSTAGE', 'ROUND SNACK BOXES SET OF4 WOODLAND '})",0.03648424543946932,0.17081260364842454,0.026533996683250415,0.7272727272727273,4.257722859664607,1.0,0.0203020277275865,3.0403537866224437,0.7941049913941481,0.14678899082568808,0.6710909090909091,0.441306266548985
720,"frozenset({'POSTAGE', 'ROUND SNACK BOXES SET OF 4 FRUITS '})","frozenset({'WOODLAND CHARLOTTE BAG', 'ROUND SNACK BOXES SET OF4 WOODLAND '})",0.11442786069651742,0.04809286898839138,0.026533996683250415,0.2318840579710145,4.821589205397301,1.0,0.021030832570150905,1.239275321505679,0.8950140449438202,0.19512195121951217,0.19307680654446296,0.3918040979510245
721,"frozenset({'ROUND SNACK BOXES SET OF 4 FRUITS ', 'ROUND SNACK BOXES SET OF4 WOODLAND '})","frozenset({'WOODLAND CHARLOTTE BAG', 'POSTAGE'})",0.10281923714759536,0.087893864013267,0.026533996683250415,0.25806451612903225,2.936092513694461,1.0,0.017496816635451818,1.2293604441560313,0.734981515711645,0.1616161616161616,0.18656891495601174,0.2799756542909312
722,frozenset({'WOODLAND CHARLOTTE BAG'}),"frozenset({'ROUND SNACK BOXES SET OF 4 FRUITS ', 'POSTAGE', 'ROUND SNACK BOXES SET OF4 WOODLAND '})",0.0978441127694859,0.0945273631840796,0.026533996683250415,0.2711864406779661,2.8688670829616414,1.0,0.017285050700065183,1.2423926877241698,0.7220818014705883,0.15999999999999998,0.19510150866083067,0.27594409753196547
723,frozenset({'ROUND SNACK BOXES SET OF 4 FRUITS '}),"frozenset({'WOODLAND CHARLOTTE BAG', 'POSTAGE', 'ROUND SNACK BOXES SET OF4 WOODLAND '})",0.12935323383084577,0.04477611940298507,0.026533996683250415,0.20512820512820515,4.581196581196582,1.0,0.020742060840078215,1.2017332691381801,0.8978571428571428,0.17977528089887643,0.16786858974358979,0.3988603988603989
